order_id,order_date,region,customer_segment,category,product,quantity,unit_price,discount,revenue,cost,profit
1,2024-01-21,East,Corporate,Furniture,Office Chair,4,5587.873967732661,0.0,22351.5,15930.41,6421.09
2,2024-10-03,South,Consumer,Electronics,Smartwatch,3,37622.66831322142,0.1,101581.2,59412.15,42169.05
3,2024-11-15,West,Consumer,Electronics,Laptop,2,28805.629255006825,0.2,46089.01,36475.21,9613.8
4,2024-12-05,South,Consumer,Groceries,Rice 5kg,3,508.2572014548904,0.2,1219.82,749.82,470.0
5,2024-07-09,South,Corporate,Clothing,Jeans,4,1822.540849606532,0.0,7290.16,4602.52,2687.64
6,2024-08-04,Central,Corporate,Furniture,Bookshelf,1,14482.009912639714,0.0,14482.01,9498.03,4983.98
7,2024-06-11,East,Consumer,Furniture,Sofa,4,15937.079419963262,0.15,54186.07,38245.86,15940.21
8,2024-08-01,East,Corporate,Electronics,Tablet,1,53401.945440715106,0.1,48061.75,29269.42,18792.33
9,2024-12-11,North,Corporate,Electronics,Laptop,4,2987.0189145295685,0.05,11350.67,8216.51,3134.16
10,2024-01-13,East,Consumer,Electronics,Tablet,5,6003.32472498439,0.0,30016.62,17300.79,12715.83
11,2024-11-26,West,Consumer,Furniture,Sofa,1,4808.022958115487,0.0,4808.02,3157.8,1650.22
12,2024-05-16,East,Consumer,Groceries,Rice 5kg,3,184.2690372362758,0.0,552.81,375.74,177.07
13,2024-09-24,North,Consumer,Clothing,T-Shirt,1,1483.1619153403708,0.0,1483.16,1177.86,305.3
14,2024-05-05,Central,Consumer,Furniture,Study Table,4,13257.41348638395,0.0,53029.65,34066.97,18962.68
15,2024-08-27,West,Small Business,Electronics,Tablet,3,48203.18981159624,0.05,137379.09,98829.29,38549.8
16,2024-07-17,East,Consumer,Electronics,Laptop,1,11700.436096792,0.1,10530.39,7727.24,2803.15
17,2024-05-23,East,Consumer,Electronics,Smartphone,4,49307.49871177113,0.05,187368.5,144397.24,42971.26
18,2024-07-26,East,Corporate,Electronics,Headphones,3,53980.95020722576,0.2,129554.28,96690.91,32863.37
19,2024-04-08,East,Consumer,Clothing,Jeans,3,1499.3098972398163,0.1,4048.14,2453.45,1594.69
20,2024-05-14,Central,Consumer,Clothing,T-Shirt,5,2353.1448299976373,0.05,11177.44,8679.56,2497.88
21,2024-11-12,North,Corporate,Furniture,Office Chair,4,15156.09658181121,0.2,48499.51,38241.0,10258.51
22,2024-10-06,west,Consumer,Groceries,Snacks Pack,4,589.1823710438251,0.0,2356.73,1523.09,833.64
23,2024-10-07,East,Consumer,Groceries,Tea 250g,2,88.72887196724915,0.1,159.71,127.37,32.34
24,2024-09-29,South,Small Business,Electronics,Laptop,2,51147.18300309345,0.15,86950.21,65432.5,21517.71
25,2024-11-08,West,Consumer,Groceries,Rice 5kg,4,268.2311049676386,0.15,911.99,507.89,404.1
26,2024-03-03,East,Consumer,Clothing,Sneakers,2,3497.456625922031,0.15,5945.68,3805.52,2140.16
27,2024-04-17,Central,Consumer,Electronics,Headphones,3,37939.09283541152,0.1,102435.55,74933.94,27501.61
28,2024-05-24,South,Consumer,Groceries,Tea 250g,2,187.97329004066367,0.2,300.76,228.28,72.48
29,2024-01-01,North,Consumer,Clothing,T-Shirt,5,737.9438442926503,0.0,3689.72,2910.14,779.58
30,2024-09-03,Central,Corporate,Clothing,Jacket,5,971.1272115129677,0.0,4855.64,2726.45,2129.19
31,2024-08-05,Central,Consumer,Electronics,Smartwatch,5,46156.81874572879,0.0,230784.09,162463.35,68320.74
32,2024-09-06,West,Consumer,Clothing,Jeans,2,2341.758814240225,0.0,4683.52,3261.81,1421.71
33,2024-02-02,West,Consumer,Groceries,Tea 250g,1,262.3564507904258,0.1,236.12,142.07,94.05
34,2024-08-29,South,Consumer,Electronics,Smartwatch,2,41455.89624485688,0.0,82911.79,51005.15,31906.64
35,2024-03-15,Central,Consumer,Furniture,Bookshelf,2,18906.634007489374,0.05,35922.6,24863.11,11059.49
36,2024-04-05,West,Consumer,Clothing,Jacket,5,3490.2859066348424,0.1,15706.29,9573.91,6132.38
37,2024-12-07,West,Small Business,Furniture,Office Chair,3,4299.652404722858,0.0,12898.96,8124.13,4774.83
38,2024-05-23,West,Corporate,Groceries,Tea 250g,4,419.8851508423711,0.2,1343.63,1001.44,342.19
39,2024-08-10,South,Small Business,Electronics,Tablet,4,4768.462548624977,0.1,17166.47,13033.49,4132.98
40,2024-10-09,Central,Consumer,Groceries,Cooking Oil 1L,5,592.6517681756465,0.0,2963.26,2231.93,731.33
41,2024-03-10,Central,Corporate,Groceries,Rice 5kg,2,437.79640036316295,0.2,700.47,404.73,295.74
42,2024-02-27,South,Consumer,Furniture,Office Chair,3,19645.48162149715,0.05,55989.62,44262.21,11727.41
43,2024-04-26,North,Small Business,Furniture,Office Chair,5,2279.5529178657757,0.0,11397.76,8903.48,2494.28
44,2024-02-16,East,Corporate,Groceries,Tea 250g,3,395.1569440462349,0.2,948.38,532.38,416.0
45,2024-05-01,West,Consumer,Electronics,Smartwatch,4,12505.087843840036,0.0,50020.35,30761.89,19258.46
46,2024-07-30,North,Consumer,Furniture,Study Table,2,8232.025777847986,0.05,15640.85,10874.94,4765.91
47,2024-01-05,South,Corporate,Groceries,Cooking Oil 1L,1,593.0018711232194,0.0,593.0,437.27,155.73
48,2024-04-07,East,Corporate,Furniture,Study Table,4,5078.5987324145635,0.15,17267.24,13812.57,3454.67
49,2024-07-20,Central,Corporate,Groceries,Rice 5kg,3,121.03767833332225,0.0,363.11,218.52,144.59
50,2024-03-12,South,Consumer,Groceries,Tea 250g,2,507.25431953437567,0.15,862.33,593.26,269.07
51,2024-04-21,East,Consumer,Clothing,Jeans,3,3224.8057501995145,0.0,9674.42,5650.76,4023.66
52,2024-11-30,South,Corporate,Electronics,Smartphone,4,27092.28293838815,0.0,108369.13,73788.6,34580.53
53,2024-11-25,West,Consumer,Clothing,T-Shirt,2,565.1005590566785,0.0,1130.2,800.58,329.62
54,2024-12-01,North,Consumer,Electronics,Laptop,1,10386.30757046922,0.15,8828.36,5901.67,2926.69
55,2024-10-03,Central,Consumer,Clothing,Jeans,1,1037.2377433962886,0.05,985.38,629.66,355.72
56,2024-03-13,South,Corporate,Groceries,Rice 5kg,3,331.41135745099365,0.2,795.39,449.61,345.78
57,2024-06-28,North,Corporate,Electronics,Headphones,2,13746.935415197553,0.1,24744.48,13836.39,10908.09
58,2024-09-30,East,Consumer,Electronics,Laptop,5,27673.623459172097,0.0,138368.12,95611.16,42756.96
59,2024-01-25,South,Consumer,Groceries,Cooking Oil 1L,5,484.04418123403605,0.05,2299.21,1600.36,698.85
60,2024-02-11,North,Corporate,Clothing,Jacket,3,2725.302068793764,0.2,6540.72,4587.95,1952.77
61,2024-11-13,West,Small Business,Electronics,Tablet,5,48643.09587435689,0.2,194572.38,112464.73,82107.65
62,2024-05-13,East,Small Business,Furniture,Sofa,2,13287.221922952043,0.05,25245.72,17492.84,7752.88
63,2024-04-27,Central,Consumer,Electronics,Smartwatch,1,43090.72001194977,0.1,38781.65,24128.3,14653.35
64,2024-09-15,West,Consumer,Clothing,Jacket,4,883.8928369803073,0.0,3535.57,2549.65,985.92
65,2024-02-07,North,Corporate,Electronics,Tablet,4,25592.69347761521,0.05,97252.24,76171.31,21080.93
66,2024-01-01,West,Consumer,Groceries,Cooking Oil 1L,1,126.87480714445923,0.1,114.19,85.63,28.56
67,2024-03-18,Central,Consumer,Groceries,Rice 5kg,3,265.8448090824495,0.1,717.78,491.64,226.14
68,2024-11-04,North,Consumer,Furniture,Office Chair,3,16357.473906021818,0.0,49072.42,28698.44,20373.98
69,2024-08-18,North,Consumer,Clothing,T-Shirt,3,3108.6512321397618,0.1,8393.36,4686.71,3706.65
70,2024-12-18,Central,Small Business,Clothing,Jeans,4,1763.7576360048965,0.0,7055.03,5286.5,1768.53
71,2024-04-04,west,Corporate,Electronics,Smartwatch,4,36508.89802050578,0.0,146035.59,113486.1,32549.49
72,2024-08-05,South,Small Business,Clothing,Sneakers,4,2601.235247564732,0.05,9884.69,5689.16,4195.53
73,2024-04-15,Central,Corporate,Groceries,Rice 5kg,1,92.52658601883299,0.2,74.02,49.05,24.97
74,2024-06-30,South,Small Business,Electronics,Tablet,5,50493.21115664579,0.0,252466.06,185830.78,66635.28
75,2024-10-17,Central,Corporate,Electronics,Headphones,2,24792.868575070184,0.05,47106.45,36724.83,10381.62
76,2024-06-30,West,Small Business,Clothing,Jacket,1,1908.1316182163725,0.1,1717.32,1063.7,653.62
77,2024-12-02,Central,Consumer,Electronics,Smartphone,5,57722.61357196313,0.0,288613.07,180354.01,108259.06
78,2024-11-13,East,Corporate,Electronics,Laptop,3,13500.668968197419,0.0,40502.01,30128.71,10373.3
79,2024-08-09,West,Consumer,Furniture,Bookshelf,3,5570.5256564063875,0.0,16711.58,10322.51,6389.07
80,2024-10-14,North,Consumer,Clothing,Sneakers,3,497.54557301254056,0.05,1418.0,990.84,427.16
81,2024-04-01,East,Small Business,Electronics,Tablet,3,15433.692691233502,0.2,37040.86,29117.91,7922.95
82,2024-05-30,South,Consumer,Electronics,Smartphone,2,51115.493584812684,0.15,86896.34,65551.2,21345.14
83,2024-04-28,South,Consumer,Electronics,Smartphone,2,17181.72298813826,0.15,29208.93,17667.83,11541.1
84,2024-04-29,North,Small Business,Groceries,Tea 250g,1,316.6281019326904,0.0,316.63,217.02,99.61
85,2024-08-22,North,Consumer,Clothing,Jacket,5,3642.0602844509885,0.0,18210.3,14178.08,4032.22
86,2024-01-17,North,Consumer,Electronics,Smartwatch,5,25207.01314961979,0.0,126035.07,77716.32,48318.75
87,2024-11-04,West,Corporate,Clothing,Jeans,2,1907.5738896114633,0.05,3624.39,2314.06,1310.33
88,2024-10-08,East,Consumer,Groceries,Rice 5kg,3,553.5325225105528,0.0,1660.6,1148.47,512.13
89,2024-09-06,Central,Consumer,Furniture,Study Table,3,8032.073018895977,0.05,22891.41,14503.1,8388.31
90,2024-01-17,North,Consumer,Clothing,T-Shirt,3,2553.8298097653565,0.15,6512.27,4883.25,1629.02
91,2024-04-10,South,Consumer,Clothing,Jeans,1,892.547071308261,0.0,892.55,611.82,280.73
92,2024-07-16,Central,Corporate,Groceries,Tea 250g,1,431.2463663013086,0.2,345.0,193.15,151.85
93,2024-03-26,North,Consumer,Clothing,Jacket,2,2910.7129620886235,0.05,5530.35,4141.32,1389.03
94,2024-04-12,East,Consumer,Clothing,Sneakers,2,1228.031814235731,0.15,2087.65,1424.96,662.69
95,2024-01-04,West,Corporate,Furniture,Study Table,2,9331.307567437609,0.15,15863.22,10380.52,5482.7
96,2024-05-20,East,Small Business,Furniture,Bookshelf,5,23449.567916780816,0.1,105523.06,68640.93,36882.13
97,2024-09-22,West,Small Business,Furniture,Office Chair,1,9736.520668053709,0.0,9736.52,6218.28,3518.24
98,2024-06-01,South,Consumer,Electronics,Smartwatch,1,17720.040273261257,0.1,15948.04,9641.6,6306.44
99,2024-07-16,Central,Consumer,Groceries,Rice 5kg,2,547.0481819463987,0.0,1094.1,872.86,221.24
100,2024-08-30,Central,Corporate,Electronics,Smartwatch,1,31492.27789446575,0.2,25193.82,19060.42,6133.4
101,2024-01-20,North,Consumer,Groceries,Cooking Oil 1L,1,467.0311616372502,0.0,467.03,352.12,114.91
102,2024-12-22,North,Corporate,Electronics,Tablet,1,6851.97998776866,0.0,6851.98,5228.39,1623.59
103,2024-08-13,Central,Corporate,Electronics,Headphones,2,25394.512964635873,0.05,48249.57,38142.76,10106.81
104,2024-04-23,Central,Small Business,Electronics,Smartwatch,2,30466.071830317498,0.05,57885.54,44347.46,13538.08
105,2024-04-01,East,Small Business,Clothing,Sneakers,1,2950.1067161741253,0.2,2360.09,1360.49,999.6
106,2024-11-09,Central,Small Business,Clothing,Sneakers,5,418.5226147169732,0.1,1883.35,1111.53,771.82
107,2024-10-21,Central,Consumer,Groceries,Cooking Oil 1L,2,357.9143717698562,0.1,644.25,441.31,202.94
108,2024-03-14,East,,Clothing,Jeans,5,1811.7443612027078,0.0,9058.72,7104.82,1953.9
109,2024-01-17,West,Consumer,Clothing,Jeans,3,2104.8659983663188,0.15,5367.41,4280.71,1086.7
110,2024-01-07,West,Corporate,Clothing,Sneakers,3,1738.6007052594086,0.1,4694.22,3105.11,1589.11
111,2024-02-08,West,,Electronics,Tablet,4,32330.909628393933,0.1,116391.27,71966.45,44424.82
112,2024-10-29,West,Corporate,Groceries,Tea 250g,3,200.81836129176853,0.0,602.46,379.66,222.8
113,2024-10-07,Central,Consumer,Clothing,Jeans,4,2097.516856369046,0.0,8390.07,6436.49,1953.58
114,2024-07-17,East,Small Business,Clothing,Jacket,3,517.0942461685069,0.0,1551.28,1032.41,518.87
115,2024-01-09,West,Consumer,Electronics,Headphones,5,13230.696511969698,0.05,62845.81,41372.13,21473.68
116,2024-11-15,Central,Consumer,Groceries,Rice 5kg,1,411.3411216604712,0.15,349.64,260.47,89.17
117,2024-02-15,North,Consumer,Electronics,Laptop,2,9835.989259738524,0.1,17704.78,13903.73,3801.05
118,2024-03-17,North,Small Business,Electronics,Headphones,2,6096.842083568714,0.15,10364.63,6219.17,4145.46
119,2024-05-02,East,Consumer,Electronics,Headphones,2,3347.789472300059,0.2,5356.46,4214.66,1141.8
120,2024-03-24,East,Consumer,Clothing,Sneakers,1,3221.797192307903,0.0,3221.8,2125.27,1096.53
121,2024-10-27,West,Consumer,Clothing,Sneakers,5,2092.6573337079944,0.1,9416.96,6730.08,2686.88
122,2024-02-06,South,Corporate,Furniture,Bookshelf,3,24420.242729376012,0.0,73260.73,47956.47,25304.26
123,2024-06-07,North,Small Business,Electronics,Smartwatch,4,25830.580919596036,0.05,98156.21,67318.0,30838.21
124,2024-12-19,West,Consumer,Clothing,T-Shirt,2,3642.5267104405307,0.2,5828.04,3619.0,2209.04
125,2024-01-21,Central,Consumer,Furniture,Study Table,2,5026.0567579269755,0.0,10052.11,7969.8,2082.31
126,2024-11-11,Central,Consumer,Electronics,Tablet,1,25193.71674619881,0.0,25193.72,19962.32,5231.4
127,2024-06-12,Central,Consumer,Electronics,Tablet,2,58234.53113709487,0.05,110645.61,79371.36,31274.25
128,2024-01-01,West,Corporate,Electronics,Tablet,5,16272.875251412026,0.05,77296.16,57620.24,19675.92
129,2024-04-17,West,Small Business,Clothing,Sneakers,5,3952.094729285782,0.2,15808.38,8850.1,6958.28
130,2024-06-09,Central,Consumer,Electronics,Tablet,3,31173.236308270956,0.0,93519.71,73689.13,19830.58
131,2024-10-20,East,Consumer,Clothing,T-Shirt,2,1508.5477897282874,0.1,2715.39,1603.7,1111.69
132,2024-06-23,Central,Small Business,Electronics,Tablet,2,42018.618205230625,0.0,84037.24,63676.64,20360.6
133,2024-12-10,West,Consumer,Groceries,Rice 5kg,5,412.38700862796145,0.1,1855.74,1288.43,567.31
134,2024-03-03,South,Corporate,Electronics,Smartphone,5,58664.68977694706,0.0,293323.45,169329.0,123994.45
135,2024-03-22,West,Corporate,Clothing,Jeans,1,3528.042251946056,0.0,3528.04,2496.27,1031.77
136,2024-04-02,Central,Consumer,Clothing,Jacket,2,1743.7064498656243,0.05,3313.04,1961.69,1351.35
137,2024-10-08,North,Consumer,Clothing,Jeans,1,3691.251457425292,0.0,3691.25,2398.23,1293.02
138,2024-12-08,West,Corporate,Clothing,Sneakers,3,3839.885305437765,0.0,11519.66,8200.49,3319.17
139,2024-09-27,West,Small Business,Groceries,Rice 5kg,4,141.4823842587282,0.0,565.93,351.57,214.36
140,2024-04-15,East,Corporate,Electronics,Smartwatch,1,37204.526323688726,0.05,35344.3,20528.17,14816.13
141,2024-11-07,Central,Consumer,Groceries,Snacks Pack,1,283.490083857999,0.0,283.49,193.23,90.26
142,2024-01-26,Central,Small Business,Electronics,Tablet,1,13904.623134631258,0.0,13904.62,10360.77,3543.85
143,2024-07-20,West,Consumer,Electronics,Laptop,5,48857.50358245384,0.0,244287.52,179360.4,64927.12
144,2024-10-19,Central,Consumer,Groceries,Snacks Pack,5,177.57090286378647,0.05,843.46,568.65,274.81
145,2024-02-11,Central,Corporate,Groceries,Snacks Pack,4,595.1907965362036,0.15,2023.65,1418.18,605.47
146,2024-12-18,West,Consumer,Electronics,Tablet,4,36351.417599053966,0.05,138135.39,104701.9,33433.49
147,2024-09-20,East,Corporate,Clothing,Sneakers,3,2318.648031584807,0.0,6955.94,3916.78,3039.16
148,2024-10-12,North,Small Business,Furniture,Bookshelf,5,15350.925154483517,0.1,69079.16,41463.62,27615.54
149,2024-01-12,North,Small Business,Clothing,Jeans,5,3263.619858843025,0.0,16318.1,12949.08,3369.02
150,2024-10-12,West,Consumer,Electronics,Smartwatch,1,31976.041670414466,0.1,28778.44,19474.65,9303.79
151,2024-04-23,West,Consumer,Electronics,Tablet,1,21487.958360969867,0.0,21487.96,13950.96,7537.0
152,2024-05-22,South,Consumer,Furniture,Sofa,2,21582.774028137203,0.05,41007.27,28991.63,12015.64
153,2024-01-14,East,Corporate,Clothing,Jeans,2,1024.6882539514313,0.2,1639.5,1136.6,502.9
154,2024-10-15,North,Consumer,Groceries,Cooking Oil 1L,5,470.6453904966475,0.0,2353.23,1854.81,498.42
155,2024-01-25,central,Consumer,Groceries,Rice 5kg,4,117.11927866841727,0.0,468.48,316.94,151.54
156,2024-05-09,Central,Consumer,Furniture,Sofa,2,5496.571621958907,0.0,10993.14,7378.05,3615.09
157,2024-04-08,North,Consumer,Clothing,Jacket,4,1355.3946730775006,0.1,4879.42,3456.08,1423.34
158,2024-11-03,West,Consumer,Electronics,Tablet,5,39859.834844856894,0.0,199299.17,135797.7,63501.47
159,2024-05-12,Central,Consumer,Furniture,Study Table,5,11571.541958134514,0.1,52071.94,30424.46,21647.48
160,2024-08-29,Central,Consumer,Clothing,T-Shirt,1,632.6200474387101,0.0,632.62,434.6,198.02
161,2024-07-14,Central,Consumer,Furniture,Sofa,5,7599.993273311947,0.0,37999.97,25264.72,12735.25
162,2024-01-17,North,Small Business,Clothing,T-Shirt,1,3311.980461890781,0.15,2815.18,1575.39,1239.79
163,2024-10-16,West,Corporate,Groceries,Rice 5kg,5,539.1650038708643,0.0,2695.83,1979.71,716.12
164,2024-03-27,Central,Consumer,Clothing,T-Shirt,5,656.5242199549309,0.05,3118.49,2017.35,1101.14
165,2024-07-29,East,Small Business,Furniture,Sofa,2,6259.498060951762,0.0,12519.0,7142.63,5376.37
166,2024-02-18,North,Small Business,Groceries,Snacks Pack,2,577.904584941761,0.0,1155.81,671.88,483.93
167,2024-12-16,Central,Corporate,Furniture,Bookshelf,1,16179.49371858692,0.2,12943.59,7845.81,5097.78
168,2024-04-23,West,Consumer,Furniture,Study Table,1,7535.932372147614,0.1,6782.34,4215.07,2567.27
169,2024-01-18,North,Consumer,Groceries,Snacks Pack,4,461.50554828844867,0.0,1846.02,1163.02,683.0
170,2024-09-14,West,Consumer,Clothing,T-Shirt,3,3344.0271874850023,0.0,10032.08,6376.35,3655.73
171,2024-01-03,Central,Corporate,Furniture,Office Chair,1,14995.50583575737,0.1,13495.96,7962.86,5533.1
172,2024-01-03,North,,Furniture,Sofa,3,4281.096290505966,0.0,12843.29,9447.36,3395.93
173,2024-04-21,East,Corporate,Groceries,Snacks Pack,4,468.54491801545163,0.1,1686.76,1013.1,673.66
174,2024-08-30,West,Consumer,Groceries,Rice 5kg,5,118.59273130126476,0.1,533.67,397.64,136.03
175,2024-11-05,Central,Corporate,Electronics,Smartphone,1,42193.6615700632,0.0,42193.66,27450.43,14743.23
176,2024-12-01,East,Consumer,Groceries,Rice 5kg,2,317.6287142340642,0.1,571.73,317.73,254.0
177,2024-11-09,Central,Corporate,Electronics,Laptop,4,42899.33468234357,0.0,171597.34,125931.24,45666.1
178,2024-09-07,North,Corporate,Electronics,Smartwatch,4,46345.428652341136,0.05,176112.63,104710.07,71402.56
179,2024-05-16,West,Consumer,Clothing,Jacket,3,2435.9798737171855,0.0,7307.94,4063.56,3244.38
180,2024-02-20,North,Small Business,Groceries,Rice 5kg,5,530.0016377665311,0.05,2517.51,1687.3,830.21
181,2024-03-30,Central,Corporate,Furniture,Sofa,1,18742.6040603966,0.0,18742.6,10576.83,8165.77
182,2024-03-24,West,Consumer,Electronics,Smartwatch,4,39931.87664162766,0.0,159727.51,98855.85,60871.66
183,2024-03-10,South,Small Business,Clothing,Jeans,2,521.0089606598175,0.05,989.92,630.06,359.86
184,2024-07-21,South,Corporate,Electronics,Laptop,4,57858.5744014927,0.1,208290.87,147075.51,61215.36
185,2024-03-27,South,Consumer,Furniture,Office Chair,4,15002.595855147028,0.0,60010.38,34717.44,25292.94
186,2024-03-26,South,Consumer,Electronics,Smartwatch,2,34331.53311452771,0.05,65229.91,48787.08,16442.83
187,2024-12-06,South,Consumer,Clothing,Jeans,3,1177.925631467107,0.1,3180.4,2182.89,997.51
188,2024-07-10,East,Consumer,Electronics,Smartwatch,2,47948.39840752836,0.0,95896.8,70885.75,25011.05
189,2024-04-25,Central,Corporate,Clothing,Sneakers,2,2024.461639051557,0.05,3846.48,2646.87,1199.61
190,2024-08-14,West,Consumer,Electronics,Laptop,3,7670.211447462889,0.05,21860.1,13092.06,8768.04
191,2024-03-25,West,Corporate,Electronics,Smartwatch,2,19772.422460302543,0.0,39544.84,28629.47,10915.37
192,2024-10-09,East,Consumer,Clothing,Jacket,5,906.5615009755303,0.1,4079.53,3080.43,999.1
193,2024-10-28,North,Small Business,Electronics,Laptop,5,20200.509697771868,0.0,101002.55,80728.26,20274.29
194,2024-05-10,East,Corporate,Groceries,Snacks Pack,5,93.67362155366624,0.2,374.69,237.63,137.06
195,2024-12-29,East,Corporate,Electronics,Smartphone,4,28367.01403463301,0.05,107794.65,65871.69,41922.96
196,2024-06-28,North,Consumer,Electronics,Smartphone,1,54463.55264525542,0.15,46294.02,30916.16,15377.86
197,2024-09-28,North,Consumer,Groceries,Snacks Pack,1,424.918215320891,0.1,382.43,305.15,77.28
198,2024-10-29,West,Small Business,Electronics,Laptop,4,19360.67458675878,0.2,61954.16,47568.47,14385.69
199,2024-07-28,West,Corporate,Clothing,Jacket,2,400.6782384036948,0.05,761.29,506.33,254.96
200,2024-11-29,East,Consumer,Groceries,Tea 250g,1,64.9462588499643,0.0,64.95,50.51,14.44
201,2024-11-22,West,Consumer,Clothing,T-Shirt,3,2661.657197667813,0.15,6787.23,3924.0,2863.23
202,2024-10-12,West,Consumer,Clothing,T-Shirt,5,1421.7824092846731,0.0,7108.91,4442.92,2665.99
203,2024-09-20,East,Small Business,Clothing,Sneakers,5,1625.461036058433,0.15,6908.21,4292.23,2615.98
204,2024-05-28,South,Corporate,Furniture,Study Table,5,21121.590830871326,0.05,100327.56,55998.97,44328.59
205,2024-12-08,North,Consumer,Groceries,Cooking Oil 1L,1,475.63381065158603,0.0,475.63,281.2,194.43
206,2024-06-05,East,Consumer,Electronics,Tablet,4,38916.92532889439,0.05,147884.32,105449.81,42434.51
207,2024-09-13,East,Corporate,Groceries,Cooking Oil 1L,5,51.606567941749105,0.05,245.13,137.62,107.51
208,2024-04-02,South,Small Business,Electronics,Smartwatch,4,29168.823746587346,0.0,116675.29,79239.22,37436.07
209,2024-12-18,East,Small Business,Electronics,Headphones,3,21323.347986316967,0.0,63970.04,39626.59,24343.45
210,2024-10-03,North,Small Business,Groceries,Rice 5kg,3,321.4506191870653,0.0,964.35,639.03,325.32
211,2024-01-19,North,Consumer,Groceries,Rice 5kg,1,384.3478677498871,0.15,326.7,257.69,69.01
212,2024-12-08,North,Corporate,Groceries,Tea 250g,2,529.3787500085268,0.0,1058.76,683.92,374.84
213,2024-03-24,Central,Consumer,Furniture,Bookshelf,2,11297.513781816811,0.1,20335.52,14634.81,5700.71
214,2024-07-28,Central,Consumer,Furniture,Study Table,3,4661.964953610223,0.1,12587.31,8590.81,3996.5
215,2024-09-24,South,Consumer,Groceries,Cooking Oil 1L,5,74.05648976992104,0.15,314.74,190.11,124.63
216,2024-10-03,North,Consumer,Furniture,Sofa,5,11888.414779973407,0.15,50525.76,35245.32,15280.44
217,2024-11-30,East,Small Business,Electronics,Laptop,3,45922.03500652786,0.1,123989.49,90065.53,33923.96
218,2024-01-07,South,Consumer,Clothing,Jacket,5,1645.1588586562866,0.05,7814.5,5038.22,2776.28
219,2024-10-20,East,Consumer,Electronics,Laptop,1,51057.660147086426,0.0,51057.66,30217.96,20839.7
220,2024-02-14,East,Consumer,Groceries,Cooking Oil 1L,2,263.3927179707782,0.0,526.79,330.98,195.81
221,2024-05-04,South,Small Business,Electronics,Tablet,2,23168.22369710543,0.15,39385.98,31351.37,8034.61
222,2024-10-04,North,Consumer,Electronics,Smartwatch,5,33172.345029833734,0.15,140982.47,93063.99,47918.48
223,2024-12-06,East,Consumer,Electronics,Tablet,3,21533.20676183073,0.0,64599.62,44944.93,19654.69
224,2024-09-29,South,Consumer,Groceries,Rice 5kg,3,485.88676557960554,0.0,1457.66,945.71,511.95
225,2024-05-26,Central,Consumer,Electronics,Headphones,4,9243.78417354589,0.0,36975.14,27230.9,9744.24
226,2024-02-15,North,Corporate,Clothing,T-Shirt,4,3816.8037151219855,0.05,14503.85,11108.31,3395.54
227,2024-08-03,West,Consumer,Clothing,Jeans,1,3707.4449581829585,0.15,3151.33,2505.89,645.44
228,2024-06-11,West,Small Business,Furniture,Study Table,1,4513.076837121293,0.0,4513.08,2753.41,1759.67
229,2024-07-07,East,Consumer,Electronics,Laptop,3,55693.38249371007,0.15,142018.13,96828.89,45189.24
230,2024-05-31,West,Small Business,Clothing,T-Shirt,2,3256.218451499252,0.1,5861.19,4437.61,1423.58
231,2024-02-06,North,Consumer,Electronics,Laptop,1,44817.85371928087,0.1,40336.07,30715.13,9620.94
232,2024-09-16,North,Corporate,Clothing,Sneakers,4,1655.7539222901255,0.05,6291.86,4558.07,1733.79
233,2024-03-06,East,Small Business,Electronics,Laptop,4,5996.431403655565,0.0,23985.73,17450.28,6535.45
234,2024-08-02,West,Small Business,Clothing,Jacket,5,3661.9996076769894,0.15,15563.5,10695.94,4867.56
235,2024-10-01,Central,Consumer,Electronics,Tablet,2,39397.32059044591,0.05,74854.91,52862.24,21992.67
236,2024-02-22,South,Corporate,Electronics,Smartphone,2,48531.57269182244,0.05,92209.99,54372.18,37837.81
237,2024-12-26,South,,Groceries,Tea 250g,2,331.1210265804764,0.1,596.02,416.24,179.78
238,2024-11-20,South,Consumer,Groceries,Tea 250g,3,504.6930629620601,0.0,1514.08,1151.73,362.35
239,2024-05-20,South,Small Business,Electronics,Smartwatch,1,26209.494547781895,0.1,23588.55,15885.79,7702.76
240,2024-06-23,North,Corporate,Furniture,Study Table,4,18400.05916458933,0.0,73600.24,52920.56,20679.68
241,2024-07-29,Central,Consumer,Groceries,Rice 5kg,4,576.2398985163574,0.15,1959.22,1310.7,648.52
242,2024-01-13,West,Consumer,Electronics,Laptop,1,25865.50926637692,0.15,21985.68,16107.24,5878.44
243,2024-08-24,Central,Corporate,Clothing,Sneakers,4,2745.9031377181955,0.2,8786.89,4947.46,3839.43
244,2024-09-08,North,Small Business,Clothing,Jeans,5,3363.9139473545843,0.0,16819.57,12763.87,4055.7
245,2024-12-21,South,Consumer,Electronics,Tablet,4,57007.48841612113,0.05,216628.46,119683.1,96945.36
246,2024-08-17,South,Consumer,Furniture,Sofa,4,12463.134458674504,0.2,39882.03,23186.92,16695.11
247,2024-05-13,North,Consumer,Electronics,Laptop,4,26977.196090123154,0.1,97117.91,67269.93,29847.98
248,2024-08-15,West,Consumer,Clothing,T-Shirt,1,3634.8181768294216,0.0,3634.82,2187.34,1447.48
249,2024-04-07,Central,Consumer,Electronics,Laptop,4,36792.57063432417,0.2,117736.23,92503.13,25233.1
250,2024-05-22,West,Consumer,Clothing,Sneakers,2,1137.932354296539,0.15,1934.49,1473.69,460.8
251,2024-12-25,East,Small Business,Electronics,Laptop,4,54525.626388994555,0.0,218102.51,159486.43,58616.08
252,2024-10-08,North,Corporate,Clothing,Jacket,1,2671.318444824988,0.2,2137.05,1458.35,678.7
253,2024-10-20,South,Corporate,Electronics,Tablet,3,55826.62679037065,0.0,167479.88,110768.75,56711.13
254,2024-08-27,West,Small Business,Electronics,Laptop,1,59706.410105517934,0.0,59706.41,47040.14,12666.27
255,2024-11-27,East,Small Business,Groceries,Tea 250g,2,90.19485911485825,0.2,144.31,86.23,58.08
256,2024-04-16,Central,Small Business,Clothing,Jacket,2,3881.3896531337255,0.05,7374.64,5380.41,1994.23
257,2024-07-05,East,Corporate,Electronics,Headphones,5,57669.815406631606,0.0,288349.08,184329.26,104019.82
258,2024-06-18,East,Consumer,Groceries,Cooking Oil 1L,5,102.46960252226584,0.0,512.35,333.38,178.97
259,2024-09-04,South,Small Business,Groceries,Rice 5kg,1,331.9961362969455,0.1,298.8,171.12,127.68
260,2024-12-11,North,Consumer,Electronics,Laptop,3,22391.587819079414,0.05,63816.03,48616.2,15199.83
261,2024-12-08,Central,Small Business,Groceries,Cooking Oil 1L,1,69.81035006028452,0.0,69.81,50.26,19.55
262,2024-11-07,Central,Corporate,Electronics,Smartwatch,4,35435.19682816309,0.05,134653.75,104483.15,30170.6
263,2024-10-05,Central,Corporate,Groceries,Rice 5kg,1,375.12166679218404,0.0,375.12,262.0,113.12
264,2024-09-27,East,Consumer,Electronics,Headphones,5,52950.54938759539,0.1,238277.47,177153.71,61123.76
265,2024-06-29,East,Consumer,Furniture,Sofa,1,11780.24826506696,0.0,11780.25,7705.95,4074.3
266,2024-04-12,North,Small Business,Clothing,T-Shirt,4,1229.4999836224597,0.2,3934.4,2384.54,1549.86
267,2024-12-08,North,Small Business,Clothing,Jacket,3,3344.8962968992946,0.0,10034.69,6449.65,3585.04
268,2024-01-22,West,Small Business,Groceries,Cooking Oil 1L,2,93.15069897441816,0.1,167.67,99.23,68.44
269,2024-01-10,North,Small Business,Clothing,T-Shirt,3,3817.151056733844,0.1,10306.31,5932.61,4373.7
270,2024-03-28,East,Consumer,Clothing,T-Shirt,2,753.6459718806898,0.1,1356.56,1038.34,318.22
271,2024-05-20,North,,Electronics,Laptop,1,13983.510856577837,0.1,12585.16,8690.28,3894.88
272,2024-09-27,North,Consumer,Groceries,Rice 5kg,3,58.83402573955338,0.15,150.03,82.94,67.09
273,2024-08-03,South,Consumer,Clothing,Jeans,3,2367.1491378802502,0.05,6746.38,4231.39,2514.99
274,2024-05-26,Central,Small Business,Furniture,Sofa,4,5029.445657319152,0.1,18106.0,11391.16,6714.84
275,2024-07-24,Central,Consumer,Groceries,Rice 5kg,2,548.3478832646933,0.0,1096.7,647.82,448.88
276,2024-10-09,Central,Consumer,Electronics,Smartwatch,5,25581.844436717092,0.0,127909.22,95412.6,32496.62
277,2024-02-16,East,Corporate,Electronics,Headphones,3,23814.30092267872,0.1,64298.61,45026.75,19271.86
278,2024-12-26,South,Small Business,Groceries,Tea 250g,2,148.65057510671573,0.0,297.3,193.51,103.79
279,2024-08-06,West,Consumer,Clothing,Jeans,3,2579.7376091718565,0.0,7739.21,4812.75,2926.46
280,2024-10-21,South,Corporate,Clothing,Jeans,4,646.0027774441751,0.05,2454.81,1732.88,721.93
281,2024-11-18,Central,Consumer,Clothing,Jeans,1,2022.4713097800873,0.05,1921.35,1176.6,744.75
282,2024-09-22,North,Consumer,Electronics,Smartwatch,4,37317.10181956791,0.1,134341.57,96729.69,37611.88
283,2024-10-31,Central,Corporate,Furniture,Office Chair,2,23611.98475975069,0.1,42501.57,25656.79,16844.78
284,2024-06-26,South,Corporate,Clothing,Jeans,4,3692.375189854812,0.05,14031.03,10254.75,3776.28
285,2024-02-10,North,Consumer,Electronics,Smartwatch,4,15658.291678881316,0.0,62633.17,38337.39,24295.78
286,2024-10-22,East,Consumer,Electronics,Tablet,2,22259.358598649647,0.0,44518.72,28191.87,16326.85
287,2024-11-14,East,Consumer,Groceries,Snacks Pack,3,458.58482151736644,0.05,1306.97,741.2,565.77
288,2024-12-10,Central,Corporate,Furniture,Office Chair,2,21899.446990149656,0.1,39419.0,26157.91,13261.09
289,2024-06-16,East,Corporate,Clothing,Jacket,2,3770.610237288136,0.05,7164.16,5346.43,1817.73
290,2024-05-14,West,Corporate,Clothing,T-Shirt,3,3737.5982638903383,0.05,10652.16,7603.44,3048.72
291,2024-07-20,Central,Consumer,Electronics,Tablet,3,56638.08148992683,0.0,169914.24,105737.1,64177.14
292,2024-01-23,East,Consumer,Electronics,Smartwatch,5,16410.611561520614,0.0,82053.06,63873.97,18179.09
293,2024-11-09,South,Consumer,Groceries,Tea 250g,3,266.0019087992789,0.15,678.3,432.23,246.07
294,2024-03-16,South,Small Business,Clothing,T-Shirt,5,1981.1581644989824,0.05,9410.5,6142.92,3267.58
295,2024-04-13,Central,Consumer,Clothing,Sneakers,1,3241.9558991026884,0.0,3241.96,2118.78,1123.18
296,2024-04-24,South,Consumer,Clothing,Jacket,3,2587.909659144349,0.0,7763.73,5724.57,2039.16
297,2024-10-15,Central,Consumer,Clothing,Jacket,1,2907.147305329986,0.0,2907.15,1836.99,1070.16
298,2024-08-26,South,Consumer,Clothing,T-Shirt,2,821.9340604488403,0.05,1561.67,903.54,658.13
299,2024-11-04,South,Consumer,Clothing,Jacket,3,3486.3120484990272,0.05,9935.99,7025.8,2910.19
300,2024-03-13,North,Corporate,Clothing,Sneakers,3,3356.998106442499,0.0,10070.99,6257.88,3813.11
301,2024-09-27,East,Small Business,Clothing,T-Shirt,3,1796.1739237009524,0.0,5388.52,3243.83,2144.69
302,2024-11-30,North,Corporate,Electronics,Smartwatch,5,5394.036582982037,0.2,21576.15,13115.86,8460.29
303,2024-01-03,Central,Consumer,Groceries,Cooking Oil 1L,3,253.26580968472524,0.0,759.8,426.5,333.3
304,2024-09-12,East,Small Business,Electronics,Laptop,1,29813.378038515206,0.05,28322.71,18594.36,9728.35
305,2024-11-09,Central,Consumer,Clothing,Sneakers,3,1146.0722791679618,0.0,3438.22,2058.61,1379.61
306,2024-08-02,South,Small Business,Groceries,Rice 5kg,5,518.9217252160886,0.1,2335.15,1375.68,959.47
307,2024-01-08,East,Consumer,Furniture,Office Chair,4,6263.573918897764,0.1,22548.87,16605.85,5943.02
308,2024-12-11,South,Consumer,Clothing,Jeans,1,1951.912705443842,0.0,1951.91,1531.79,420.12
309,2024-04-19,Central,Small Business,Clothing,T-Shirt,4,1352.6860969312866,0.05,5140.21,4090.71,1049.5
310,2024-06-09,Central,Corporate,Clothing,Jeans,5,1334.475217390177,0.15,5671.52,4288.13,1383.39
311,2024-08-04,South,Corporate,Clothing,Jeans,5,1571.046226102292,0.15,6676.95,5082.61,1594.34
312,2024-10-25,East,Small Business,Electronics,Tablet,3,56113.90838227241,0.0,168341.73,94286.13,74055.6
313,2024-07-05,East,Consumer,Furniture,Office Chair,5,11338.271439240545,0.0,56691.36,31384.07,25307.29
314,2024-07-01,North,Corporate,Clothing,Jeans,5,2428.2232625655042,0.05,11534.06,7470.02,4064.04
315,2024-03-14,East,Consumer,Electronics,Tablet,3,9598.476359769567,0.2,23036.34,14639.05,8397.29
316,2024-09-24,Central,Small Business,Clothing,Jacket,3,2060.2008445140764,0.2,4944.48,3748.94,1195.54
317,2024-03-15,South,Consumer,Furniture,Bookshelf,1,13508.267262957894,0.0,13508.27,9302.77,4205.5
318,2024-04-13,west,Consumer,Clothing,Jacket,2,2803.9381297713508,0.0,5607.88,4176.61,1431.27
319,2024-01-20,West,Consumer,Clothing,Jacket,5,2158.584277575659,0.05,10253.28,7776.58,2476.7
320,2024-12-29,South,Corporate,Clothing,Jeans,1,514.277555342759,0.1,462.85,356.51,106.34
321,2024-02-14,East,Consumer,Groceries,Cooking Oil 1L,1,490.0403876422774,0.2,392.03,218.56,173.47
322,2024-04-04,North,Consumer,Groceries,Snacks Pack,4,289.4665053966546,0.15,984.19,751.07,233.12
323,2024-03-11,East,Corporate,Groceries,Snacks Pack,2,197.7091920995034,0.0,395.42,260.82,134.6
324,2024-10-22,North,Small Business,Clothing,T-Shirt,5,1146.1827246436035,0.0,5730.91,3337.8,2393.11
325,2024-02-05,West,Corporate,Electronics,Headphones,2,13814.655970422562,0.15,23484.92,17065.76,6419.16
326,2024-09-22,Central,Consumer,Clothing,Jeans,1,2646.394547904337,0.05,2514.07,2001.35,512.72
327,2024-08-13,South,Consumer,Furniture,Study Table,1,18675.139754879732,0.15,15873.87,9976.23,5897.64
328,2024-02-09,Central,Small Business,Clothing,Jacket,4,2161.813134663719,0.05,8214.89,6239.68,1975.21
329,2024-10-21,South,Consumer,Furniture,Study Table,1,19536.280049521974,0.15,16605.84,11251.07,5354.77
330,2024-11-05,South,Small Business,Clothing,Sneakers,4,1739.8237188888297,0.0,6959.29,5313.87,1645.42
331,2024-04-05,South,Small Business,Furniture,Bookshelf,3,24308.31008293939,0.2,58339.94,45125.73,13214.21
332,2024-07-08,Central,Corporate,Electronics,Laptop,4,59328.51640773363,0.0,237314.07,146140.81,91173.26
333,2024-07-23,South,Consumer,Electronics,Smartphone,2,15075.260772517626,0.0,30150.52,23732.25,6418.27
334,2024-07-05,East,Consumer,Groceries,Tea 250g,2,436.3685878736579,0.1,785.46,532.72,252.74
335,2024-04-03,South,Consumer,Clothing,T-Shirt,1,3146.416007995711,0.05,2989.1,2103.68,885.42
336,2024-06-28,West,Consumer,Groceries,Cooking Oil 1L,4,598.0190615234804,0.0,2392.08,1584.18,807.9
337,2024-03-12,North,Corporate,Electronics,Smartwatch,3,55458.49785320102,0.1,149737.94,87053.38,62684.56
338,2024-12-06,South,Corporate,Clothing,Sneakers,5,1717.1889144047695,0.15,7298.05,4971.31,2326.74
339,2024-10-31,East,Consumer,Clothing,Jacket,3,549.397001859086,0.1,1483.37,1067.47,415.9
340,2024-03-08,Central,Small Business,Electronics,Smartphone,2,21999.17512559655,0.1,39598.52,28770.76,10827.76
341,2024-12-20,East,Consumer,Clothing,Jeans,1,3458.323175756445,0.2,2766.66,1650.13,1116.53
342,2024-07-02,West,Consumer,Furniture,Sofa,2,5460.862233137942,0.0,10921.72,6020.67,4901.05
343,2024-12-25,South,Corporate,Electronics,Headphones,1,35306.630092604166,0.0,35306.63,21293.85,14012.78
344,2024-12-05,South,Small Business,Clothing,Jeans,1,1475.885686932511,0.1,1328.3,1042.79,285.51
345,2024-10-20,North,Small Business,Clothing,Sneakers,1,893.5220490835234,0.0,893.52,517.48,376.04
346,2024-10-29,East,Consumer,Clothing,T-Shirt,3,781.0716491604719,0.05,2226.05,1536.3,689.75
347,2024-01-05,East,Small Business,Groceries,Tea 250g,5,100.69237715983778,0.0,503.46,389.64,113.82
348,2024-09-23,West,Corporate,Clothing,Sneakers,5,1021.0859570069034,0.0,5105.43,3348.59,1756.84
349,2024-06-10,South,Consumer,Clothing,Jacket,5,2891.2405214079567,0.1,13010.58,7978.28,5032.3
350,2024-07-27,South,Small Business,Clothing,Jeans,1,3258.145789095873,0.0,3258.15,1962.27,1295.88
351,2024-12-31,Central,Small Business,Electronics,Headphones,5,12186.334478020586,0.05,57885.09,36225.73,21659.36
352,2024-10-31,Central,Small Business,Groceries,Cooking Oil 1L,3,221.49117532567274,0.1,598.03,474.11,123.92
353,2024-02-13,Central,Consumer,Clothing,Jeans,1,3778.5357695709567,0.1,3400.68,2067.17,1333.51
354,2024-11-12,West,Small Business,Clothing,Jeans,4,3864.141207792964,0.05,14683.74,10556.96,4126.78
355,2024-07-26,West,Corporate,Clothing,Sneakers,5,1909.058353247637,0.1,8590.76,4930.51,3660.25
356,2024-09-20,North,Consumer,Electronics,Laptop,3,4437.544253891632,0.0,13312.63,8369.74,4942.89
357,2024-04-07,Central,Consumer,Electronics,Tablet,2,49731.58377986612,0.0,99463.17,57380.66,42082.51
358,2024-04-05,South,Small Business,Clothing,Jeans,3,1174.736127039494,0.15,2995.58,2181.42,814.16
359,2024-08-01,West,Consumer,Clothing,Jacket,3,876.6566085872366,0.05,2498.47,1861.48,636.99
360,2024-09-07,North,Consumer,Groceries,Tea 250g,4,172.47184351769673,0.05,655.39,428.82,226.57
361,2024-11-09,North,Corporate,Electronics,Tablet,2,21421.87287557397,0.0,42843.75,26081.07,16762.68
362,2024-07-27,Central,Consumer,Groceries,Cooking Oil 1L,3,280.79506054374565,0.0,842.39,584.19,258.2
363,2024-09-18,East,Corporate,Furniture,Office Chair,4,9215.2497771975,0.0,36861.0,29247.36,7613.64
364,2024-03-12,East,Corporate,Clothing,Jacket,4,2379.5268259943387,0.05,9042.2,5342.44,3699.76
365,2024-11-20,West,Small Business,Electronics,Headphones,5,6760.1003242925835,0.0,33800.5,20374.32,13426.18
366,2024-10-19,West,Consumer,Clothing,T-Shirt,5,2897.7000050826823,0.05,13764.08,10341.75,3422.33
367,2024-11-21,Central,Consumer,Clothing,Sneakers,4,852.0360830941049,0.05,3237.74,2053.97,1183.77
368,2024-06-28,Central,Consumer,Groceries,Snacks Pack,4,276.2171846364272,0.1,994.38,752.26,242.12
369,2024-12-08,South,Consumer,Clothing,Sneakers,2,2816.574970824877,0.0,5633.15,3724.26,1908.89
370,2024-06-07,East,Consumer,Clothing,Sneakers,5,3517.9655633602047,0.1,15830.85,10426.05,5404.8
371,2024-12-17,West,Corporate,Furniture,Bookshelf,1,6635.152694145196,0.0,6635.15,3814.46,2820.69
372,2024-07-27,south,Consumer,Clothing,Jacket,2,1458.6428638364002,0.1,2625.56,1839.51,786.05
373,2024-11-01,South,Consumer,Clothing,Jacket,1,1567.5857584654648,0.2,1254.07,929.84,324.23
374,2024-09-22,West,Corporate,Electronics,Smartwatch,2,42002.72691003323,0.0,84005.45,59862.81,24142.64
375,2024-10-09,West,Corporate,Electronics,Headphones,1,44447.84865393631,0.05,42225.46,23368.44,18857.02
376,2024-03-06,West,Consumer,Electronics,Smartphone,1,26444.303872894918,0.2,21155.44,11902.14,9253.3
377,2024-10-06,West,Corporate,Groceries,Tea 250g,2,120.1171240771354,0.2,192.19,125.24,66.95
378,2024-07-24,Central,Consumer,Electronics,Smartwatch,5,47409.0263867618,0.1,213340.62,167788.38,45552.24
379,2024-05-28,East,Consumer,Electronics,Tablet,1,38572.12858628345,0.1,34714.92,23923.6,10791.32
380,2024-02-13,North,Small Business,Electronics,Smartwatch,3,39512.60073571152,0.0,118537.8,91606.01,26931.79
381,2024-04-19,North,Corporate,Electronics,Laptop,3,2254.501982687238,0.15,5748.98,3956.9,1792.08
382,2024-08-06,South,Corporate,Groceries,Snacks Pack,3,103.15465885826376,0.15,263.04,208.91,54.13
383,2024-01-20,South,Consumer,Furniture,Bookshelf,1,20686.897884015947,0.05,19652.55,15032.02,4620.53
384,2024-07-06,East,Consumer,Clothing,Sneakers,1,2896.3196610027126,0.15,2461.87,1616.18,845.69
385,2024-07-06,Central,Corporate,Groceries,Snacks Pack,3,488.0796858480396,0.0,1464.24,851.29,612.95
386,2024-10-25,East,Consumer,Groceries,Tea 250g,3,507.829450875639,0.05,1447.31,992.98,454.33
387,2024-10-20,South,Small Business,Electronics,Smartphone,1,32107.96371579618,0.1,28897.17,22380.39,6516.78
388,2024-09-19,West,Corporate,Groceries,Snacks Pack,4,435.95605063249144,0.0,1743.82,1356.4,387.42
389,2024-04-27,Central,Corporate,Electronics,Headphones,2,19226.524158448756,0.05,36530.4,28628.23,7902.17
390,2024-11-08,West,Corporate,Electronics,Smartphone,3,23603.59400304042,0.1,63729.7,50947.9,12781.8
391,2024-03-19,West,Consumer,Furniture,Bookshelf,5,24673.52237955473,0.05,117199.23,83452.69,33746.54
392,2024-12-02,South,Corporate,Electronics,Headphones,5,57342.10683824043,0.0,286710.53,219919.11,66791.42
393,2024-01-04,Central,Corporate,Electronics,Smartwatch,2,44460.39207479478,0.15,75582.67,52472.92,23109.75
394,2024-05-02,West,Consumer,Electronics,Laptop,5,41185.92530192627,0.0,205929.63,121058.08,84871.55
395,2024-10-30,Central,Consumer,Furniture,Sofa,3,12808.053556772693,0.1,34581.74,26937.34,7644.4
396,2024-09-09,Central,Consumer,Furniture,Bookshelf,4,22128.0732282865,0.0,88512.29,57652.99,30859.3
397,2024-02-02,Central,Consumer,Clothing,Jacket,5,2624.5536154466727,0.0,13122.77,7961.23,5161.54
398,2024-06-20,South,Corporate,Clothing,T-Shirt,5,3648.651793998429,0.2,14594.61,11075.02,3519.59
399,2024-07-14,West,Consumer,Electronics,Laptop,2,22156.519002895784,0.1,39881.73,27902.88,11978.85
400,2024-06-27,West,Consumer,Furniture,Sofa,5,15146.97593810771,0.1,68161.39,46407.71,21753.68
401,2024-12-04,Central,Consumer,Electronics,Smartphone,5,44924.171982960375,0.2,179696.69,138526.59,41170.1
402,2024-06-27,West,Consumer,Electronics,Smartphone,1,5129.422891958426,0.05,4872.95,3849.38,1023.57
403,2024-04-22,North,Small Business,Electronics,Smartphone,1,39265.972613504535,0.0,39265.97,23263.98,16001.99
404,2024-10-05,North,Consumer,Electronics,Smartphone,5,59386.062002982864,0.0,296930.31,184534.8,112395.51
405,2024-02-25,North,Consumer,Clothing,Jacket,1,1895.5948021315226,0.0,1895.59,1511.04,384.55
406,2024-01-25,Central,Consumer,Electronics,Smartphone,5,4482.030305812881,0.05,21289.64,16618.88,4670.76
407,2024-05-26,North,Corporate,Electronics,Smartphone,4,59562.10527947533,0.05,226336.0,160173.32,66162.68
408,2024-08-07,East,Consumer,Clothing,Jeans,5,3397.402383974072,0.0,16987.01,13407.83,3579.18
409,2024-10-20,East,Consumer,Groceries,Snacks Pack,3,124.3695225420701,0.0,373.11,217.62,155.49
410,2024-03-05,South,Small Business,Electronics,Tablet,5,22231.065204688915,0.05,105597.56,73273.97,32323.59
411,2024-03-28,East,Corporate,Electronics,Headphones,4,44922.876446758775,0.1,161722.36,102312.07,59410.29
412,2024-04-21,Central,Corporate,Clothing,T-Shirt,4,1542.2997187137516,0.05,5860.74,3976.08,1884.66
413,2024-09-05,North,Consumer,Electronics,Smartphone,3,15690.828565318772,0.0,47072.49,31440.3,15632.19
414,2024-12-09,North,Consumer,Electronics,Smartphone,4,32000.55575621386,0.0,128002.22,89220.54,38781.68
415,2024-01-25,East,Small Business,Electronics,Tablet,2,45366.80598036372,0.0,90733.61,67839.05,22894.56
416,2024-01-21,Central,Corporate,Furniture,Office Chair,2,16154.677935879216,0.1,29078.42,21190.17,7888.25
417,2024-01-15,West,Consumer,Clothing,Sneakers,1,1511.6881912586152,0.0,1511.69,889.55,622.14
418,2024-05-25,Central,Corporate,Groceries,Snacks Pack,5,454.7548744535938,0.0,2273.77,1750.66,523.11
419,2024-10-24,Central,Consumer,Electronics,Headphones,1,51758.03782234462,0.1,46582.23,29260.6,17321.63
420,2024-07-24,Central,Small Business,Furniture,Study Table,4,22384.628978481505,0.0,89538.52,52172.24,37366.28
421,2024-04-15,South,Corporate,Clothing,T-Shirt,4,930.0174678778611,0.1,3348.06,2035.81,1312.25
422,2024-08-04,North,Consumer,Furniture,Study Table,4,19599.458176351014,0.0,78397.83,49767.74,28630.09
423,2024-03-23,south,Consumer,Electronics,Laptop,2,52716.086048159945,0.0,105432.17,82021.45,23410.72
424,2024-06-22,North,Consumer,Electronics,Tablet,3,39274.91503603664,0.0,117824.75,64955.01,52869.74
425,2024-12-24,Central,Corporate,Furniture,Sofa,3,20674.76339667132,0.15,52720.65,41999.42,10721.23
426,2024-09-02,West,Corporate,Clothing,Sneakers,4,3854.099858639483,0.0,15416.4,11641.51,3774.89
427,2024-06-13,South,Consumer,Clothing,T-Shirt,3,2059.234017543695,0.1,5559.93,3204.47,2355.46
428,2024-04-04,Central,Small Business,Groceries,Snacks Pack,2,274.2779189233895,0.0,548.56,433.56,115.0
429,2024-12-26,East,Corporate,Clothing,Sneakers,4,2497.463125745316,0.05,9490.36,7534.82,1955.54
430,2024-03-22,North,Consumer,Furniture,Sofa,3,22238.036414721333,0.0,66714.11,37916.37,28797.74
431,2024-09-01,Central,Consumer,Clothing,Sneakers,3,3471.672889109623,0.05,9894.27,6076.68,3817.59
432,2024-03-21,South,Corporate,Clothing,T-Shirt,1,3714.4890428030303,0.05,3528.76,2363.13,1165.63
433,2024-12-07,North,Corporate,Groceries,Cooking Oil 1L,1,116.19996691549233,0.1,104.58,81.8,22.78
434,2024-03-22,West,Consumer,Furniture,Sofa,4,19112.657347996563,0.2,61160.5,35290.05,25870.45
435,2024-04-22,South,Consumer,Electronics,Smartphone,5,24420.937335104543,0.05,115999.45,88781.5,27217.95
436,2024-07-14,South,Consumer,Groceries,Snacks Pack,2,465.0131486631551,0.05,883.52,705.08,178.44
437,2024-11-29,Central,Corporate,Groceries,Snacks Pack,4,117.03372597976099,0.15,397.91,218.91,179.0
438,2024-03-23,North,Consumer,Electronics,Headphones,5,26547.07762226201,0.15,112825.08,87588.9,25236.18
439,2024-01-31,South,Consumer,Furniture,Office Chair,1,18304.67959378627,0.15,15558.98,12119.7,3439.28
440,2024-10-17,East,Consumer,Clothing,Jacket,1,3512.7484765698846,0.2,2810.2,1719.11,1091.09
441,2024-06-16,East,Small Business,Groceries,Tea 250g,1,326.35610736952106,0.15,277.4,214.17,63.23
442,2024-07-24,South,Consumer,Electronics,Smartwatch,5,33356.486492298514,0.05,158443.31,120013.73,38429.58
443,2024-08-26,West,Corporate,Clothing,T-Shirt,2,1758.5074364679429,0.0,3517.01,2163.77,1353.24
444,2024-07-10,West,Consumer,Groceries,Rice 5kg,5,506.03285215627693,0.0,2530.16,1788.61,741.55
445,2024-05-30,North,Small Business,Electronics,Smartphone,1,45124.48347298006,0.0,45124.48,28357.39,16767.09
446,2024-08-13,South,Consumer,Clothing,Jacket,3,1270.6175034952712,0.0,3811.85,2382.31,1429.54
447,2024-03-02,North,Consumer,Clothing,Sneakers,2,2088.546691065354,0.0,4177.09,2837.59,1339.5
448,2024-07-21,West,Consumer,Furniture,Office Chair,5,16025.693515606692,0.05,76122.04,45807.52,30314.52
449,2024-12-17,Central,Small Business,Clothing,Sneakers,5,1507.6447221206147,0.05,7161.31,4979.91,2181.4
450,2024-05-31,Central,Consumer,Clothing,T-Shirt,5,3023.931296158028,0.0,15119.66,9722.25,5397.41
451,2024-02-16,West,Small Business,Clothing,Jacket,5,1325.4256918811516,0.15,5633.06,3220.86,2412.2
452,2024-12-03,South,Consumer,Furniture,Bookshelf,4,6377.7504271860935,0.1,22959.9,17287.7,5672.2
453,2024-12-20,North,Small Business,Electronics,Laptop,4,59167.442600765855,0.15,201169.3,153142.12,48027.18
454,2024-05-23,North,Consumer,Furniture,Office Chair,1,19226.152469789165,0.0,19226.15,11116.77,8109.38
455,2024-07-30,South,Consumer,Clothing,T-Shirt,4,2974.4500713407965,0.05,11302.91,8753.98,2548.93
456,2024-05-28,South,Corporate,Clothing,T-Shirt,5,541.3541859351768,0.1,2436.09,1850.88,585.21
457,2024-07-01,West,Corporate,Clothing,Sneakers,2,3911.477323665082,0.2,6258.36,4248.92,2009.44
458,2024-05-02,South,Consumer,Furniture,Sofa,3,9493.96543244732,0.0,28481.9,21857.36,6624.54
459,2024-07-10,Central,Consumer,Electronics,Laptop,3,49918.998894704404,0.0,149757.0,90293.96,59463.04
460,2024-11-23,North,Corporate,Electronics,Tablet,2,55822.91756954234,0.2,89316.67,60904.77,28411.9
461,2024-05-24,South,Corporate,Electronics,Headphones,2,47825.64244205016,0.0,95651.28,61688.8,33962.48
462,2024-05-09,South,Corporate,Clothing,Sneakers,3,1061.6247943884441,0.1,2866.39,2008.24,858.15
463,2024-11-04,South,Consumer,Furniture,Sofa,2,20702.396068863654,0.05,39334.55,28107.56,11226.99
464,2024-06-15,Central,Consumer,Furniture,Office Chair,5,10920.18820013517,0.05,51870.89,32890.34,18980.55
465,2024-10-20,North,Corporate,Groceries,Cooking Oil 1L,5,334.90573725685385,0.0,1674.53,1112.55,561.98
466,2024-12-17,West,Consumer,Furniture,Bookshelf,2,4627.454187602105,0.0,9254.91,6424.78,2830.13
467,2024-12-08,North,Consumer,Electronics,Smartphone,2,8401.390292241602,0.0,16802.78,10893.5,5909.28
468,2024-04-19,South,Consumer,Clothing,Jacket,4,3585.3086093103434,0.2,11472.99,8801.38,2671.61
469,2024-11-19,Central,Corporate,Clothing,T-Shirt,3,1444.1585014407517,0.0,4332.48,2727.34,1605.14
470,2024-02-26,North,Consumer,Groceries,Rice 5kg,3,224.56386751533685,0.15,572.64,395.01,177.63
471,2024-06-04,South,Consumer,Clothing,Sneakers,2,2901.706167213427,0.15,4932.9,3139.62,1793.28
472,2024-01-05,North,Consumer,Electronics,Smartwatch,2,12729.393181249958,0.05,24185.85,17351.86,6833.99
473,2024-03-05,West,Corporate,Furniture,Study Table,5,18003.28423963715,0.05,85515.6,50196.77,35318.83
474,2024-05-23,Central,Consumer,Groceries,Tea 250g,2,494.7137937810647,0.0,989.43,654.46,334.97
475,2024-01-12,North,Consumer,Groceries,Tea 250g,2,116.41064974317406,0.2,186.26,137.43,48.83
476,2024-02-11,South,Consumer,Groceries,Tea 250g,5,395.10734432134,0.2,1580.43,950.16,630.27
477,2024-06-30,Central,Consumer,Clothing,Jeans,4,3938.608766396923,0.2,12603.55,8120.47,4483.08
478,2024-05-25,North,Small Business,Groceries,Snacks Pack,4,200.69382984865996,0.05,762.64,444.88,317.76
479,2024-04-25,South,Small Business,Electronics,Smartwatch,3,19045.869752174374,0.0,57137.61,39757.88,17379.73
480,2024-10-20,South,Corporate,Groceries,Snacks Pack,2,371.9132555838712,0.2,595.06,346.78,248.28
481,2024-08-03,East,Consumer,Clothing,Jacket,3,2330.15939050985,0.05,6640.95,4441.32,2199.63
482,2024-12-07,East,Corporate,Furniture,Sofa,5,24926.611155665505,0.05,118401.4,91102.46,27298.94
483,2024-06-04,West,Consumer,Electronics,Tablet,3,19715.843483716184,0.0,59147.53,35380.22,23767.31
484,2024-12-30,West,Corporate,Electronics,Smartwatch,2,13282.269088981106,0.0,26564.54,21172.76,5391.78
485,2024-01-10,Central,Consumer,Furniture,Office Chair,4,24625.36641381049,0.2,78801.17,55868.27,22932.9
486,2024-02-27,North,Consumer,Clothing,T-Shirt,3,2581.228534646139,0.1,6969.32,3851.44,3117.88
487,2024-10-18,Central,Corporate,Clothing,T-Shirt,2,3594.728327333297,0.05,6829.98,5370.71,1459.27
488,2024-01-25,West,Consumer,Electronics,Smartwatch,5,57594.00458163898,0.15,244774.52,178012.36,66762.16
489,2024-02-09,Central,Consumer,Clothing,Jeans,4,2237.6564728471885,0.0,8950.63,6868.9,2081.73
490,2024-03-27,East,Consumer,Furniture,Sofa,2,16379.970875723078,0.2,26207.95,17936.33,8271.62
491,2024-11-20,West,Corporate,Electronics,Smartphone,4,59732.15850613918,0.0,238928.63,134738.24,104190.39
492,2024-07-14,West,Corporate,Electronics,Smartwatch,4,33311.543617917196,0.0,133246.17,101661.7,31584.47
493,2024-10-14,North,Small Business,Groceries,Snacks Pack,3,486.7079476462795,0.0,1460.12,1098.73,361.39
494,2024-02-16,Central,Consumer,Electronics,Headphones,3,9897.368222710424,0.1,26722.89,19069.1,7653.79
495,2024-09-10,West,Consumer,Groceries,Cooking Oil 1L,1,194.36675434532506,0.15,165.21,100.94,64.27
496,2024-08-07,South,Consumer,Groceries,Snacks Pack,2,538.9567045610277,0.05,1024.02,739.28,284.74
497,2024-03-08,Central,Consumer,Electronics,Smartwatch,2,49572.51639364534,0.0,99145.03,59295.12,39849.91
498,2024-04-17,South,Corporate,Electronics,Smartwatch,4,59025.43495223225,0.0,236101.74,159135.09,76966.65
499,2024-02-13,Central,Corporate,Electronics,Smartphone,3,41700.61479341758,0.0,125101.84,98621.13,26480.71
500,2024-01-07,Central,Consumer,Electronics,Smartwatch,4,16358.108072510828,0.0,65432.43,42713.38,22719.05
501,2024-01-24,Central,Consumer,Clothing,Jacket,5,1906.044906977529,0.0,9530.22,5996.66,3533.56
502,2024-11-19,North,Corporate,Electronics,Smartwatch,1,45176.28747168592,0.0,45176.29,32770.49,12405.8
503,2024-06-19,South,Consumer,Electronics,Smartwatch,4,52174.62291065872,0.05,198263.57,145080.29,53183.28
504,2024-06-29,Central,Consumer,Clothing,Jacket,5,2048.667572162328,0.0,10243.34,6301.47,3941.87
505,2024-12-27,Central,Corporate,Clothing,Jeans,5,497.4920812121838,0.0,2487.46,1481.14,1006.32
506,2024-07-17,South,Consumer,Clothing,T-Shirt,2,988.7936603086745,0.15,1680.95,1188.6,492.35
507,2024-02-18,Central,Consumer,Furniture,Office Chair,5,12542.360026805041,0.15,53305.03,35970.05,17334.98
508,2024-03-22,East,Corporate,Electronics,Smartphone,2,14389.15251609858,0.05,27339.39,18230.32,9109.07
509,2024-05-27,Central,Consumer,Electronics,Smartwatch,2,38124.20047537688,0.15,64811.14,37809.75,27001.39
510,2024-08-11,South,Small Business,Furniture,Sofa,5,4587.572002112531,0.0,22937.86,15120.4,7817.46
511,2024-04-06,Central,Small Business,Furniture,Sofa,2,3724.0809998103005,0.0,7448.16,5626.79,1821.37
512,2024-04-12,East,Consumer,Clothing,T-Shirt,2,2518.116481183564,0.15,4280.8,3105.18,1175.62
513,2024-07-06,North,Consumer,Furniture,Office Chair,5,23778.244515843544,0.0,118891.22,94297.63,24593.59
514,2024-07-07,Central,Consumer,Furniture,Bookshelf,5,18089.28792515705,0.0,90446.44,64567.68,25878.76
515,2024-12-16,East,Small Business,Electronics,Tablet,3,58408.43154690197,0.15,148941.5,91027.65,57913.85
516,2024-09-20,North,Small Business,Furniture,Bookshelf,5,17448.18531295167,0.1,78516.83,44141.5,34375.33
517,2024-09-21,South,Consumer,Groceries,Snacks Pack,4,152.62455328024214,0.0,610.5,397.0,213.5
518,2024-06-14,Central,Consumer,Groceries,Rice 5kg,3,206.23211397223596,0.0,618.7,344.4,274.3
519,2024-08-02,West,Corporate,Clothing,Jacket,2,2881.901681936769,0.0,5763.8,4144.45,1619.35
520,2024-06-01,South,Consumer,Groceries,Rice 5kg,2,390.05676155754594,0.0,780.11,557.85,222.26
521,2024-01-24,Central,Consumer,Groceries,Cooking Oil 1L,4,576.8840865653497,0.2,1846.03,1112.2,733.83
522,2024-10-27,East,Consumer,Clothing,Jacket,4,919.2640760251727,0.0,3677.06,2213.69,1463.37
523,2024-07-11,North,Consumer,Clothing,Jacket,2,2012.6979629758837,0.0,4025.4,3204.15,821.25
524,2024-07-22,East,Consumer,Groceries,Cooking Oil 1L,1,411.10948631980875,0.1,370.0,224.14,145.86
525,2024-11-28,West,Consumer,Clothing,T-Shirt,1,1493.4461664103578,0.05,1418.77,962.91,455.86
526,2024-04-16,East,Consumer,Clothing,T-Shirt,4,2361.9362011600647,0.15,8030.58,5127.65,2902.93
527,2024-10-26,South,Corporate,Clothing,Jeans,4,540.4231147461453,0.05,2053.61,1556.84,496.77
528,2024-08-25,South,Corporate,Groceries,Rice 5kg,3,122.49375644317365,0.1,330.73,190.75,139.98
529,2024-05-19,South,Consumer,Clothing,T-Shirt,2,681.886013726407,0.2,1091.02,856.66,234.36
530,2024-04-09,South,Corporate,Electronics,Tablet,1,52727.5799637872,0.0,52727.58,38483.07,14244.51
531,2024-06-20,West,Corporate,Electronics,Tablet,2,54041.5670219759,0.0,108083.13,59902.72,48180.41
532,2024-11-08,West,Small Business,Groceries,Snacks Pack,5,580.9967490303417,0.0,2904.98,2156.96,748.02
533,2024-02-01,Central,Small Business,Clothing,T-Shirt,2,1167.5341530008864,0.0,2335.07,1335.89,999.18
534,2024-05-20,West,Consumer,Electronics,Laptop,1,54506.90432780491,0.1,49056.21,35902.73,13153.48
535,2024-03-09,South,Consumer,Clothing,Sneakers,1,3034.741854231403,0.1,2731.27,1843.63,887.64
536,2024-11-08,Central,Consumer,Electronics,Laptop,2,49239.32029118793,0.15,83706.84,61000.37,22706.47
537,2024-04-09,South,Consumer,Electronics,Smartphone,2,6973.22530437163,0.0,13946.45,8272.88,5673.57
538,2024-04-24,North,Small Business,Clothing,Jeans,3,1864.3854948592189,0.0,5593.16,3104.17,2488.99
539,2024-06-18,East,Consumer,Clothing,Jeans,1,923.8622813947297,0.0,923.86,695.93,227.93
540,2024-06-25,Central,Consumer,Clothing,Sneakers,1,3521.2417848781615,0.05,3345.18,2010.67,1334.51
541,2024-06-02,Central,Small Business,Clothing,Sneakers,2,1447.5978024327871,0.05,2750.44,2006.93,743.51
542,2024-09-03,West,Consumer,Clothing,Sneakers,2,3394.208672698323,0.05,6449.0,4565.16,1883.84
543,2024-07-31,South,Small Business,Clothing,Jacket,2,1193.6937315977314,0.15,2029.28,1589.73,439.55
544,2024-04-29,East,Consumer,Groceries,Snacks Pack,2,443.19414094250874,0.2,709.11,421.0,288.11
545,2024-05-08,North,Corporate,Clothing,Jacket,2,3612.888738227242,0.0,7225.78,4709.22,2516.56
546,2024-06-22,East,Corporate,Electronics,Smartwatch,1,50970.06236002865,0.0,50970.06,39239.21,11730.85
547,2024-08-02,East,Consumer,Groceries,Tea 250g,2,589.1436642990744,0.1,1060.46,746.64,313.82
548,2024-10-20,South,Small Business,Electronics,Laptop,4,46529.28797036749,0.05,176811.29,136919.67,39891.62
549,2024-03-16,South,Small Business,Groceries,Tea 250g,5,582.514862474598,0.0,2912.57,2295.29,617.28
550,2024-06-09,South,Consumer,Electronics,Headphones,3,17502.20869661331,0.0,52506.63,29062.61,23444.02
551,2024-01-21,South,Corporate,Clothing,Jacket,5,3651.4864866020284,0.0,18257.43,13165.59,5091.84
552,2024-11-18,South,Consumer,Clothing,Sneakers,1,3540.6204280773336,0.0,3540.62,2516.55,1024.07
553,2024-11-04,Central,Consumer,Clothing,Jeans,2,3046.0941367783557,0.1,5482.97,4132.81,1350.16
554,2024-03-29,Central,Consumer,Electronics,Tablet,1,7305.4033978013385,0.0,7305.4,4047.05,3258.35
555,2024-01-15,East,Small Business,Clothing,Sneakers,2,1248.4571244731858,0.0,2496.91,1914.25,582.66
556,2024-01-29,East,Consumer,Clothing,Sneakers,1,2222.10346970072,0.05,2111.0,1351.82,759.18
557,2024-06-29,West,Corporate,Furniture,Office Chair,2,12853.75774298403,0.05,24422.14,19138.05,5284.09
558,2024-04-29,East,Small Business,Clothing,Jacket,5,784.5555746703662,0.0,3922.78,2920.93,1001.85
559,2024-01-12,East,Consumer,Electronics,Headphones,1,18961.84623738535,0.05,18013.75,11150.28,6863.47
560,2024-09-15,West,Corporate,Clothing,T-Shirt,5,3001.9672336388644,0.1,13508.85,7606.43,5902.42
561,2024-10-28,South,Small Business,Groceries,Cooking Oil 1L,1,204.98854271807085,0.05,194.74,118.52,76.22
562,2024-10-14,East,Consumer,Electronics,Tablet,3,3527.066524119999,0.2,8464.96,5216.63,3248.33
563,2024-08-22,Central,Consumer,Clothing,Jacket,3,3232.202853040747,0.0,9696.61,6023.23,3673.38
564,2024-12-29,central,Consumer,Furniture,Study Table,3,4353.640129283453,0.15,11101.78,7400.38,3701.4
565,2024-09-30,Central,Consumer,Furniture,Study Table,3,13781.992969153991,0.0,41345.98,29693.07,11652.91
566,2024-01-21,East,Consumer,Electronics,Smartwatch,4,45119.25745244937,0.0,180477.03,110496.02,69981.01
567,2024-01-09,West,Consumer,Furniture,Sofa,3,15029.917808520091,0.0,45089.75,28963.3,16126.45
568,2024-08-24,West,Consumer,Electronics,Laptop,4,20901.983884355523,0.0,83607.94,51023.09,32584.85
569,2024-08-16,East,Consumer,Electronics,Laptop,1,7405.085095049333,0.2,5924.07,3396.91,2527.16
570,2024-06-10,West,Consumer,Groceries,Tea 250g,3,559.6660546377784,0.0,1679.0,1092.3,586.7
571,2024-04-09,Central,Corporate,Electronics,Smartphone,2,46711.14488045045,0.0,93422.29,70030.6,23391.69
572,2024-02-22,West,Consumer,Clothing,Sneakers,4,3210.455468876304,0.0,12841.82,8671.96,4169.86
573,2024-12-25,West,Consumer,Furniture,Bookshelf,2,22561.380321637607,0.1,40610.48,27415.02,13195.46
574,2024-03-18,Central,Corporate,Furniture,Office Chair,2,12667.625967510654,0.05,24068.49,16546.35,7522.14
575,2024-08-27,East,Small Business,Clothing,T-Shirt,3,963.8061336135396,0.2,2313.13,1301.63,1011.5
576,2024-08-09,West,Corporate,Groceries,Snacks Pack,4,509.5471234990391,0.1,1834.37,1126.15,708.22
577,2024-08-24,West,Consumer,Furniture,Study Table,5,19530.31275746389,0.0,97651.56,66780.6,30870.96
578,2024-11-05,East,Small Business,Electronics,Headphones,2,52283.74235222318,0.0,104567.48,77979.2,26588.28
579,2024-02-07,East,Corporate,Furniture,Study Table,4,13589.9995837538,0.15,46206.0,35678.45,10527.55
580,2024-04-22,Central,Consumer,Furniture,Bookshelf,3,15275.293553136104,0.05,43534.59,29883.77,13650.82
581,2024-08-20,South,Corporate,Furniture,Bookshelf,3,12733.712584109877,0.0,38201.14,23563.02,14638.12
582,2024-09-09,North,Consumer,Furniture,Bookshelf,3,7691.648568362366,0.15,19613.7,14834.08,4779.62
583,2024-02-27,East,Corporate,Groceries,Rice 5kg,2,70.64076164249173,0.05,134.22,88.84,45.38
584,2024-10-18,Central,Consumer,Groceries,Cooking Oil 1L,2,396.1830411144053,0.05,752.75,481.15,271.6
585,2024-12-22,West,Small Business,Electronics,Headphones,5,21294.520156625127,0.1,95825.34,66633.44,29191.9
586,2024-05-20,East,Consumer,Groceries,Cooking Oil 1L,3,302.78811345310953,0.2,726.69,448.02,278.67
587,2024-10-15,North,Corporate,Groceries,Cooking Oil 1L,4,324.00411454568854,0.15,1101.61,794.32,307.29
588,2024-05-24,South,Small Business,Groceries,Rice 5kg,5,277.5530936691814,0.2,1110.21,623.88,486.33
589,2024-06-24,North,Consumer,Furniture,Sofa,2,23054.57263373418,0.15,39192.77,22901.35,16291.42
590,2024-12-10,Central,Small Business,Electronics,Headphones,1,17194.8012250247,0.05,16335.06,12147.78,4187.28
591,2024-08-08,North,Small Business,Clothing,T-Shirt,3,475.7328488576871,0.0,1427.2,836.34,590.86
592,2024-02-23,North,Consumer,Groceries,Cooking Oil 1L,1,68.071183757218,0.1,61.26,37.22,24.04
593,2024-06-06,West,Corporate,Clothing,T-Shirt,4,3321.277380946054,0.0,13285.11,8174.98,5110.13
594,2024-11-21,South,Consumer,Groceries,Snacks Pack,4,334.42254060585094,0.0,1337.69,933.87,403.82
595,2024-09-28,East,Small Business,Furniture,Study Table,1,23861.5819165501,0.0,23861.58,13516.38,10345.2
596,2024-10-03,North,Consumer,Clothing,Jacket,1,493.0202999920403,0.2,394.42,276.85,117.57
597,2024-02-04,East,Consumer,Groceries,Tea 250g,2,519.9834897509122,0.2,831.97,500.56,331.41
598,2024-05-07,East,Consumer,Groceries,Cooking Oil 1L,2,345.39590057455695,0.0,690.79,416.51,274.28
599,2024-05-03,Central,Small Business,Clothing,Sneakers,3,3429.815655128135,0.2,8231.56,4546.08,3685.48
600,2024-12-24,East,Small Business,Electronics,Laptop,5,43301.89724644964,0.0,216509.49,145863.85,70645.64
601,2024-01-10,East,Consumer,Electronics,Headphones,4,27360.87346740739,0.0,109443.49,60902.46,48541.03
602,2024-11-04,Central,Consumer,Electronics,Headphones,4,36228.44222878061,0.0,144913.77,104954.27,39959.5
603,2024-06-15,North,Corporate,Clothing,T-Shirt,4,3572.5290439468417,0.0,14290.12,11166.24,3123.88
604,2024-03-26,North,Small Business,Clothing,Jacket,1,1877.0933987415835,0.0,1877.09,1149.66,727.43
605,2024-11-14,East,Consumer,Furniture,Bookshelf,4,10977.492923015758,0.2,35127.98,24427.9,10700.08
606,2024-07-03,West,Consumer,Clothing,T-Shirt,4,864.6344493846266,0.0,3458.54,2654.03,804.51
607,2024-01-22,Central,Consumer,Clothing,T-Shirt,5,1921.729250297822,0.1,8647.78,6441.48,2206.3
608,2024-09-23,West,Consumer,Clothing,Jeans,1,1977.2019437198626,0.2,1581.76,1244.79,336.97
609,2024-07-06,Central,Consumer,Electronics,Headphones,3,41144.37015538535,0.05,117261.45,90836.49,26424.96
610,2024-03-11,North,Small Business,Groceries,Snacks Pack,4,285.90542772154066,0.05,1086.44,665.77,420.67
611,2024-10-16,Central,Consumer,Electronics,Smartphone,5,22501.544932636927,0.1,101256.95,64095.67,37161.28
612,2024-12-18,North,Consumer,Clothing,Jeans,5,549.9184804239292,0.1,2474.63,1684.7,789.93
613,2024-06-11,North,Consumer,Groceries,Cooking Oil 1L,4,254.96142144178097,0.1,917.86,552.5,365.36
614,2024-12-15,West,Corporate,Clothing,Jeans,5,2990.4852090976915,0.15,12709.56,7926.64,4782.92
615,2024-01-22,West,Consumer,Clothing,Jacket,4,3747.718347324393,0.0,14990.87,9516.34,5474.53
616,2024-10-25,South,Small Business,Furniture,Sofa,5,5541.154489329589,0.05,26320.48,20311.78,6008.7
617,2024-07-10,Central,Consumer,Groceries,Cooking Oil 1L,4,578.8490475846103,0.0,2315.4,1279.85,1035.55
618,2024-03-17,west,Corporate,Furniture,Sofa,1,2088.0966815074194,0.1,1879.29,1404.76,474.53
619,2024-02-11,Central,Corporate,Clothing,Jacket,1,3974.1956740551113,0.0,3974.2,2700.79,1273.41
620,2024-04-14,West,,Clothing,Sneakers,1,2074.7395592380158,0.0,2074.74,1226.2,848.54
621,2024-06-12,Central,Corporate,Electronics,Headphones,4,15088.94476464248,0.15,51302.41,28855.87,22446.54
622,2024-05-06,South,Consumer,Clothing,Jacket,1,1678.054958090488,0.05,1594.15,986.15,608.0
623,2024-04-19,North,Small Business,Furniture,Study Table,1,14662.541914259897,0.0,14662.54,10587.66,4074.88
624,2024-12-19,Central,Consumer,Electronics,Smartwatch,3,4840.296089042818,0.1,13068.8,9860.75,3208.05
625,2024-07-15,Central,Corporate,Groceries,Tea 250g,2,494.1449404688962,0.0,988.29,601.76,386.53
626,2024-08-02,East,Corporate,Groceries,Rice 5kg,2,461.23528270719925,0.15,784.1,469.92,314.18
627,2024-11-01,North,Consumer,Electronics,Smartwatch,2,6707.069491416517,0.0,13414.14,7733.56,5680.58
628,2024-12-03,West,Corporate,Clothing,Jacket,3,707.4705381097551,0.15,1804.05,1131.98,672.07
629,2024-12-24,West,Consumer,Clothing,Jeans,3,469.84448422557557,0.1,1268.58,1012.35,256.23
630,2024-12-10,South,Consumer,Clothing,Jacket,5,2316.496845500734,0.0,11582.48,7257.58,4324.9
631,2024-10-13,East,Consumer,Electronics,Tablet,2,37770.07800842839,0.0,75540.16,50718.24,24821.92
632,2024-11-25,North,Consumer,Clothing,T-Shirt,4,3795.5050588964227,0.0,15182.02,8917.16,6264.86
633,2024-09-30,North,Small Business,Clothing,T-Shirt,2,2140.248051482815,0.15,3638.42,2482.67,1155.75
634,2024-05-15,East,Small Business,Furniture,Office Chair,1,8037.73668111281,0.15,6832.08,4401.87,2430.21
635,2024-10-02,Central,Consumer,Groceries,Tea 250g,3,258.6510790123026,0.05,737.16,423.66,313.5
636,2024-12-05,East,Consumer,Groceries,Tea 250g,1,260.2305260079703,0.1,234.21,166.18,68.03
637,2024-03-28,West,Consumer,Electronics,Tablet,2,56935.98402345902,0.1,102484.77,64197.7,38287.07
638,2024-05-22,Central,Consumer,Clothing,Jeans,3,891.4108435008959,0.2,2139.39,1599.5,539.89
639,2024-09-24,West,Consumer,Electronics,Laptop,3,53421.201601995206,0.05,152250.42,95881.37,56369.05
640,2024-10-05,South,Consumer,Groceries,Tea 250g,4,308.94903065124396,0.0,1235.8,857.97,377.83
641,2024-08-10,West,Consumer,Clothing,T-Shirt,4,876.888234464277,0.1,3156.8,2014.58,1142.22
642,2024-12-10,Central,Consumer,Electronics,Headphones,1,48582.71981184361,0.0,48582.72,27733.19,20849.53
643,2024-01-10,North,Consumer,Groceries,Cooking Oil 1L,1,152.72489052712115,0.0,152.72,110.34,42.38
644,2024-03-16,East,Small Business,Furniture,Study Table,2,7720.684057184367,0.0,15441.37,10439.38,5001.99
645,2024-11-02,Central,Consumer,Groceries,Rice 5kg,3,220.35328692030663,0.1,594.95,417.03,177.92
646,2024-05-31,West,Small Business,Furniture,Study Table,1,17334.303674118506,0.05,16467.59,12611.83,3855.76
647,2024-03-03,West,Consumer,Groceries,Cooking Oil 1L,2,405.3258192531278,0.2,648.52,418.79,229.73
648,2024-11-23,North,Consumer,Clothing,T-Shirt,2,2083.895231348789,0.15,3542.62,2351.52,1191.1
649,2024-07-25,South,Consumer,Clothing,Jeans,3,3202.6571682219887,0.0,9607.97,5866.37,3741.6
650,2024-01-23,North,Consumer,Groceries,Snacks Pack,1,150.44382163920562,0.05,142.92,104.99,37.93
651,2024-05-31,Central,Consumer,Electronics,Smartwatch,3,36022.45324670272,0.0,108067.36,84379.64,23687.72
652,2024-08-16,West,Consumer,Clothing,T-Shirt,4,1251.879273292032,0.0,5007.52,3954.72,1052.8
653,2024-01-10,South,Corporate,Clothing,Sneakers,2,2993.2001289975747,0.1,5387.76,3176.69,2211.07
654,2024-08-18,West,Consumer,Clothing,Sneakers,4,3666.867434847132,0.1,13200.72,9187.46,4013.26
655,2024-12-28,North,Consumer,Electronics,Headphones,2,45511.60791170627,0.2,72818.57,43644.7,29173.87
656,2024-10-17,Central,Corporate,Groceries,Rice 5kg,3,563.4762290356883,0.1,1521.39,1175.73,345.66
657,2024-03-23,North,Consumer,Clothing,T-Shirt,3,3604.7944139964015,0.05,10273.66,6836.62,3437.04
658,2024-01-26,West,Corporate,Electronics,Tablet,5,52075.66848255189,0.15,221321.59,147082.21,74239.38
659,2024-02-20,Central,Small Business,Electronics,Tablet,4,23633.333528434847,0.1,85080.0,56495.24,28584.76
660,2024-03-01,North,Small Business,Furniture,Office Chair,2,13166.44572650126,0.0,26332.89,17787.44,8545.45
661,2024-06-30,East,Consumer,Clothing,Jacket,5,3591.8157603616796,0.1,16163.17,12657.56,3505.61
662,2024-04-11,South,Small Business,Groceries,Tea 250g,3,189.02122297314025,0.0,567.06,424.54,142.52
663,2024-02-07,Central,Consumer,Furniture,Office Chair,3,4380.797781141013,0.05,12485.27,9905.17,2580.1
664,2024-12-13,Central,Small Business,Furniture,Sofa,2,21764.473874620948,0.05,41352.5,23500.03,17852.47
665,2024-06-04,North,Small Business,Clothing,Jeans,2,3527.683944944153,0.15,5997.06,4656.09,1340.97
666,2024-08-09,East,Small Business,Electronics,Smartphone,5,40609.98166416814,0.05,192897.41,146274.57,46622.84
667,2024-12-02,South,Consumer,Groceries,Snacks Pack,3,294.46398788778504,0.0,883.39,666.3,217.09
668,2024-05-07,Central,Consumer,Furniture,Bookshelf,2,9376.37979463876,0.05,17815.12,13695.41,4119.71
669,2024-08-26,Central,Corporate,Electronics,Smartwatch,5,40053.52884429158,0.0,200267.64,135384.43,64883.21
670,2024-03-05,North,Small Business,Clothing,Sneakers,1,2370.663061604411,0.0,2370.66,1883.65,487.01
671,2024-01-02,East,Consumer,Electronics,Smartwatch,1,48394.73992994896,0.0,48394.74,37672.01,10722.73
672,2024-06-26,South,Corporate,Groceries,Rice 5kg,4,195.20706533954115,0.0,780.83,622.58,158.25
673,2024-07-19,North,Consumer,Electronics,Smartphone,3,15890.984807947518,0.0,47672.95,28777.36,18895.59
674,2024-02-01,West,Corporate,Clothing,Jacket,5,602.4880995346209,0.0,3012.44,1694.33,1318.11
675,2024-10-18,East,Small Business,Electronics,Headphones,3,50037.19753839824,0.05,142606.01,95217.5,47388.51
676,2024-04-22,East,Consumer,Clothing,Jacket,3,3945.6931576608567,0.2,9469.66,7447.35,2022.31
677,2024-12-21,West,Consumer,Electronics,Smartphone,1,24320.0332686425,0.05,23104.03,13799.33,9304.7
678,2024-05-05,South,Corporate,Groceries,Cooking Oil 1L,4,340.0209926033163,0.0,1360.08,980.43,379.65
679,2024-09-14,South,Small Business,Clothing,Jeans,1,741.060093205639,0.0,741.06,541.31,199.75
680,2024-10-01,Central,Consumer,Electronics,Smartwatch,1,9021.905342932645,0.1,8119.71,5627.79,2491.92
681,2024-06-12,East,Consumer,Furniture,Office Chair,4,9652.885541628677,0.05,36680.97,22505.13,14175.84
682,2024-03-07,West,Consumer,Groceries,Rice 5kg,5,157.9288549283206,0.0,789.64,563.24,226.4
683,2024-04-17,West,Consumer,Electronics,Tablet,3,19613.460885166478,0.0,58840.38,38711.97,20128.41
684,2024-10-11,East,Consumer,Groceries,Rice 5kg,1,476.4325614372538,0.0,476.43,338.83,137.6
685,2024-10-03,Central,Corporate,Electronics,Laptop,3,50264.0854142756,0.15,128173.42,102503.64,25669.78
686,2024-05-26,West,Consumer,Clothing,T-Shirt,4,2599.454197956117,0.0,10397.82,6715.78,3682.04
687,2024-06-09,East,Corporate,Groceries,Snacks Pack,1,332.0124448866613,0.05,315.41,226.1,89.31
688,2024-02-21,East,Consumer,Electronics,Tablet,1,9587.36558959234,0.15,8149.26,6138.74,2010.52
689,2024-07-09,West,Small Business,Groceries,Rice 5kg,5,523.6124360337841,0.0,2618.06,1996.48,621.58
690,2024-04-30,West,Small Business,Electronics,Smartwatch,2,9092.30349477276,0.05,17275.38,10304.48,6970.9
691,2024-03-02,South,Corporate,Electronics,Tablet,4,21256.5699568897,0.0,85026.28,57516.22,27510.06
692,2024-08-13,South,Consumer,Clothing,Sneakers,5,2705.7398553119638,0.0,13528.7,8200.36,5328.34
693,2024-03-12,Central,Corporate,Clothing,Sneakers,4,1090.7434638562054,0.2,3490.38,2065.28,1425.1
694,2024-12-15,North,Consumer,Electronics,Smartwatch,1,36819.0408809505,0.1,33137.14,21950.03,11187.11
695,2024-04-19,West,Consumer,Electronics,Tablet,4,40331.81000057448,0.0,161327.24,122295.69,39031.55
696,2024-07-02,South,Consumer,Electronics,Smartwatch,3,10163.896719686954,0.2,24393.35,16392.97,8000.38
697,2024-09-21,East,Consumer,Clothing,T-Shirt,2,2161.227640736606,0.15,3674.09,2579.53,1094.56
698,2024-09-30,Central,Corporate,Furniture,Office Chair,2,22399.66855030595,0.2,35839.47,22230.09,13609.38
699,2024-02-02,South,Corporate,Clothing,Jeans,1,3451.5051862333185,0.0,3451.51,2168.57,1282.94
700,2024-01-29,East,Consumer,Electronics,Headphones,5,20251.36575817999,0.0,101256.83,74158.4,27098.43
701,2024-07-28,West,Consumer,Electronics,Smartphone,2,54218.89095821531,0.15,92172.11,70001.8,22170.31
702,2024-02-23,South,Corporate,Groceries,Snacks Pack,5,245.67574631036308,0.0,1228.38,887.24,341.14
703,2024-09-14,North,Consumer,Clothing,Sneakers,3,3605.690466342003,0.15,9194.51,5493.38,3701.13
704,2024-01-07,North,Corporate,Electronics,Tablet,1,43982.08480593315,0.0,43982.08,32178.35,11803.73
705,2024-02-16,Central,Corporate,Groceries,Rice 5kg,1,367.8323947925,0.2,294.27,167.26,127.01
706,2024-06-11,East,Consumer,Electronics,Laptop,3,33998.21648166909,0.0,101994.65,63905.75,38088.9
707,2024-05-26,West,Small Business,Groceries,Cooking Oil 1L,5,304.05886231315424,0.1,1368.26,870.21,498.05
708,2024-03-31,Central,Corporate,Electronics,Headphones,4,34283.33879846665,0.05,130276.69,72168.52,58108.17
709,2024-11-25,West,Consumer,Electronics,Tablet,5,5734.019001856165,0.1,25803.09,14544.46,11258.63
710,2024-02-07,Central,Small Business,Furniture,Office Chair,4,11765.169965276978,0.2,37648.54,24331.9,13316.64
711,2024-01-28,Central,Consumer,Electronics,Tablet,3,35420.30293944378,0.05,100947.86,70649.13,30298.73
712,2024-09-05,Central,Consumer,Electronics,Smartwatch,2,27578.056732229015,0.1,49640.5,30554.16,19086.34
713,2024-01-15,South,Consumer,Groceries,Cooking Oil 1L,1,526.6802416196672,0.05,500.35,373.75,126.6
714,2024-10-11,Central,Small Business,Groceries,Rice 5kg,3,237.57633005684295,0.05,677.09,530.27,146.82
715,2024-02-09,North,Corporate,Clothing,Sneakers,5,3468.749503248828,0.05,16476.56,11323.24,5153.32
716,2024-11-03,South,Corporate,Electronics,Smartwatch,1,13399.66062860143,0.0,13399.66,7782.03,5617.63
717,2024-06-07,West,Consumer,Groceries,Rice 5kg,1,61.50023178437923,0.05,58.43,41.12,17.31
718,2024-12-18,Central,Corporate,Furniture,Office Chair,2,3618.4664818386746,0.05,6875.09,5031.84,1843.25
719,2024-11-12,West,Small Business,Furniture,Bookshelf,4,11024.78832145259,0.0,44099.15,30078.12,14021.03
720,2024-11-15,Central,Small Business,Clothing,Jacket,3,2445.948943880532,0.0,7337.85,5283.69,2054.16
721,2024-05-25,East,Small Business,Groceries,Tea 250g,4,433.8947593237859,0.0,1735.58,1169.63,565.95
722,2024-04-16,Central,Corporate,Furniture,Sofa,1,8667.255629278772,0.0,8667.26,6875.62,1791.64
723,2024-05-14,West,Consumer,Electronics,Smartphone,1,36582.70818437386,0.05,34753.57,23837.44,10916.13
724,2024-06-14,West,Consumer,Clothing,Sneakers,5,2245.3020512770377,0.15,9542.53,5749.49,3793.04
725,2024-08-28,Central,Consumer,Furniture,Study Table,4,20437.779566121448,0.15,69488.45,55289.88,14198.57
726,2024-04-06,West,Consumer,Furniture,Office Chair,3,8189.754310674238,0.0,24569.26,15308.51,9260.75
727,2024-05-18,East,Corporate,Groceries,Tea 250g,5,184.63993015094925,0.05,877.04,586.04,291.0
728,2024-12-16,North,Consumer,Clothing,Jeans,1,3785.429322203959,0.0,3785.43,2676.81,1108.62
729,2024-04-18,West,Corporate,Electronics,Smartwatch,5,58679.242441254246,0.05,278726.4,178338.84,100387.56
730,2024-08-23,South,Corporate,Furniture,Study Table,2,24813.535718351763,0.2,39701.66,22463.82,17237.84
731,2024-07-26,East,Small Business,Clothing,Sneakers,4,941.1182409422876,0.0,3764.47,2191.84,1572.63
732,2024-06-06,West,Consumer,Furniture,Office Chair,5,23523.759354556358,0.0,117618.8,91326.57,26292.23
733,2024-10-23,North,Small Business,Clothing,T-Shirt,3,1121.2233559471924,0.05,3195.49,2004.95,1190.54
734,2024-09-20,Central,Consumer,Furniture,Office Chair,2,17059.842279537985,0.05,32413.7,25615.88,6797.82
735,2024-07-30,West,Consumer,Clothing,Jacket,1,1643.2383205347887,0.05,1561.08,882.97,678.11
736,2024-03-18,East,Consumer,Groceries,Cooking Oil 1L,2,422.39054196214636,0.15,718.06,443.76,274.3
737,2024-05-27,South,Consumer,Clothing,Jeans,4,3082.5213153801533,0.0,12330.09,8398.14,3931.95
738,2024-09-05,West,Corporate,Groceries,Tea 250g,2,199.25976729377152,0.05,378.59,213.22,165.37
739,2024-02-02,South,Small Business,Furniture,Bookshelf,3,18273.024836494984,0.05,52078.12,30111.53,21966.59
740,2024-04-01,West,Corporate,Clothing,Jacket,4,1244.1424244194118,0.15,4230.08,2456.23,1773.85
741,2024-04-14,East,Small Business,Furniture,Study Table,2,7475.959894563704,0.0,14951.92,10897.84,4054.08
742,2024-11-30,South,Corporate,Electronics,Headphones,4,32673.271429759723,0.0,130693.09,75328.68,55364.41
743,2024-04-04,East,Small Business,Clothing,Sneakers,4,1262.9526816728007,0.05,4799.22,3810.67,988.55
744,2024-05-04,East,Consumer,Clothing,T-Shirt,4,1291.2322293104248,0.0,5164.93,2901.94,2262.99
745,2024-08-15,South,Consumer,Groceries,Snacks Pack,3,217.86799157087253,0.0,653.6,438.36,215.24
746,2024-11-05,North,Consumer,Electronics,Smartphone,1,32495.282504281113,0.0,32495.28,20619.39,11875.89
747,2024-04-09,South,Small Business,Electronics,Laptop,5,15166.128374119855,0.1,68247.58,39814.67,28432.91
748,2024-05-17,North,Corporate,Electronics,Tablet,1,52709.21890464314,0.1,47438.3,27448.25,19990.05
749,2024-05-11,North,Consumer,Electronics,Laptop,2,7534.085511384122,0.15,12807.95,7448.45,5359.5
750,2024-04-04,Central,Consumer,Clothing,Jacket,3,728.5059728285731,0.0,2185.52,1741.15,444.37
751,2024-11-06,South,Consumer,Clothing,Sneakers,3,3936.60599626324,0.0,11809.82,6775.2,5034.62
752,2024-11-07,East,Consumer,Electronics,Headphones,4,59472.690915556086,0.0,237890.76,182782.86,55107.9
753,2024-08-28,South,Consumer,Furniture,Office Chair,3,19427.903723552754,0.1,52455.34,28887.71,23567.63
754,2024-12-11,Central,Consumer,Groceries,Rice 5kg,2,217.97742419851323,0.15,370.56,294.69,75.87
755,2024-10-30,West,Corporate,Groceries,Rice 5kg,2,212.3098731013569,0.2,339.7,255.14,84.56
756,2024-08-14,East,Consumer,Electronics,Tablet,4,35526.602961370896,0.0,142106.41,94211.9,47894.51
757,2024-03-09,Central,Corporate,Clothing,T-Shirt,2,419.13100895750335,0.05,796.35,504.28,292.07
758,2024-10-17,Central,Corporate,Clothing,T-Shirt,4,3922.621480957684,0.0,15690.49,12537.05,3153.44
759,2024-02-25,North,Consumer,Electronics,Headphones,3,30614.74563354467,0.0,91844.24,65602.48,26241.76
760,2024-06-30,North,Corporate,Furniture,Sofa,4,13379.347530021183,0.1,48165.65,32629.04,15536.61
761,2024-09-21,Central,Consumer,Furniture,Office Chair,5,18627.405461487884,0.05,88480.18,49061.33,39418.85
762,2024-06-12,South,Consumer,Electronics,Tablet,3,5648.597199156317,0.2,13556.63,9822.7,3733.93
763,2024-05-07,South,Consumer,Electronics,Tablet,3,15555.36119318749,0.0,46666.08,30548.19,16117.89
764,2024-05-20,East,Consumer,Clothing,Jeans,1,3747.4906018020192,0.1,3372.74,2578.26,794.48
765,2024-03-12,North,Corporate,Furniture,Study Table,4,18368.687365166978,0.05,69801.01,54158.92,15642.09
766,2024-06-26,Central,Consumer,Electronics,Tablet,5,24806.427296651327,0.1,111628.92,84323.86,27305.06
767,2024-01-31,South,Small Business,Clothing,Jacket,5,3539.1463464818453,0.15,15041.37,8458.04,6583.33
768,2024-11-21,North,Consumer,Groceries,Tea 250g,1,340.2940499573565,0.15,289.25,168.68,120.57
769,2024-12-13,Central,Corporate,Electronics,Tablet,1,27668.946959971985,0.05,26285.5,18986.31,7299.19
770,2024-04-07,East,Consumer,Clothing,Jeans,2,2471.803666488612,0.0,4943.61,3444.62,1498.99
771,2024-04-01,West,Corporate,Electronics,Headphones,3,20994.641822217567,0.1,56685.53,33665.54,23019.99
772,2024-10-30,East,Consumer,Electronics,Smartwatch,2,57474.886551269185,0.0,114949.77,87146.26,27803.51
773,2024-02-07,Central,Consumer,Groceries,Rice 5kg,3,474.8260497950063,0.0,1424.48,800.54,623.94
774,2024-05-10,East,Corporate,Clothing,Sneakers,3,2669.431832589377,0.1,7207.47,4447.62,2759.85
775,2024-01-11,North,Consumer,Clothing,T-Shirt,5,2189.928652803591,0.05,10402.16,5778.75,4623.41
776,2024-04-14,East,Consumer,Clothing,Jacket,1,2515.684459215348,0.1,2264.12,1626.5,637.62
777,2024-02-25,Central,Small Business,Electronics,Laptop,5,44728.33202485556,0.2,178913.33,138724.29,40189.04
778,2024-08-18,Central,Consumer,Electronics,Laptop,4,19567.56557472477,0.0,78270.26,51728.81,26541.45
779,2024-10-04,Central,Corporate,Electronics,Laptop,5,39530.40839168599,0.0,197652.04,129438.06,68213.98
780,2024-07-18,West,Consumer,Electronics,Laptop,1,31561.736334526668,0.05,29983.65,23526.51,6457.14
781,2024-10-03,South,Small Business,Electronics,Smartwatch,2,9648.856330315399,0.1,17367.94,12552.04,4815.9
782,2024-05-04,Central,Consumer,Clothing,T-Shirt,5,2027.518637220301,0.0,10137.59,6624.83,3512.76
783,2024-06-27,West,Consumer,Furniture,Study Table,2,20258.39573596081,0.0,40516.79,26782.74,13734.05
784,2024-05-22,Central,Corporate,Clothing,Jacket,4,3234.4558542749455,0.0,12937.82,9986.58,2951.24
785,2024-07-15,North,Corporate,Furniture,Sofa,4,21764.654853646287,0.15,73999.83,56345.48,17654.35
786,2024-02-18,Central,Consumer,Electronics,Tablet,4,25671.877009963664,0.1,92418.76,69965.92,22452.84
787,2024-11-03,Central,Corporate,Electronics,Headphones,3,29888.9219509466,0.0,89666.77,70671.81,18994.96
788,2024-07-13,West,Consumer,Furniture,Bookshelf,1,8164.264511950739,0.0,8164.26,5041.38,3122.88
789,2024-02-18,West,Consumer,Clothing,T-Shirt,3,3193.516659334872,0.15,8143.47,4498.33,3645.14
790,2024-09-07,Central,Corporate,Furniture,Study Table,2,3524.6743112706554,0.05,6696.88,4943.65,1753.23
791,2024-04-14,West,,Groceries,Tea 250g,5,231.1179220755296,0.2,924.47,532.98,391.49
792,2024-09-27,South,Consumer,Electronics,Smartwatch,3,39175.546571048726,0.15,99897.64,55453.22,44444.42
793,2024-08-18,North,Small Business,Clothing,T-Shirt,5,1264.3049269719181,0.0,6321.52,4755.33,1566.19
794,2024-04-20,East,Corporate,Groceries,Cooking Oil 1L,1,350.6441052687854,0.05,333.11,220.61,112.5
795,2024-05-19,North,Corporate,Furniture,Study Table,2,19663.235429625518,0.0,39326.47,26043.09,13283.38
796,2024-04-18,South,Consumer,Clothing,Jacket,3,429.5139560714639,0.05,1224.11,844.28,379.83
797,2024-01-28,South,Small Business,Clothing,Jacket,2,2365.2492133605074,0.05,4493.97,2638.41,1855.56
798,2024-02-12,West,Small Business,Furniture,Study Table,4,15942.982771077617,0.1,57394.74,36007.06,21387.68
799,2024-12-18,West,Consumer,Clothing,T-Shirt,3,2268.174511353125,0.0,6804.52,5296.49,1508.03
800,2024-03-26,West,Consumer,Furniture,Office Chair,3,7456.850364114157,0.15,19014.97,13662.53,5352.44
801,2024-09-06,South,Consumer,Electronics,Tablet,4,50226.50143098552,0.1,180815.41,139379.29,41436.12
802,2024-12-29,Central,Corporate,Furniture,Office Chair,4,21911.726453456253,0.0,87646.91,62608.79,25038.12
803,2024-10-02,South,Consumer,Furniture,Study Table,5,24587.77970861951,0.05,116791.95,81735.78,35056.17
804,2024-11-15,South,Corporate,Furniture,Bookshelf,3,19495.210866542948,0.1,52637.07,31535.96,21101.11
805,2024-03-07,East,Consumer,Electronics,Smartwatch,5,14983.947985063971,0.15,63681.78,39056.15,24625.63
806,2024-03-17,Central,Corporate,Electronics,Laptop,3,16770.17691966678,0.05,47795.0,31203.1,16591.9
807,2024-06-22,South,Consumer,Groceries,Rice 5kg,2,521.8390518854319,0.0,1043.68,687.75,355.93
808,2024-11-04,Central,Consumer,Furniture,Study Table,2,9855.099734691368,0.1,17739.18,11695.8,6043.38
809,2024-01-01,West,Consumer,Furniture,Bookshelf,2,19579.452004754185,0.05,37200.96,27461.91,9739.05
810,2024-07-26,North,Consumer,Electronics,Tablet,1,13379.629685823635,0.0,13379.63,7647.95,5731.68
811,2024-01-24,East,Consumer,Clothing,Jacket,2,660.4541818098064,0.05,1254.86,811.09,443.77
812,2024-11-27,North,Corporate,Clothing,Sneakers,5,3207.8576579454148,0.05,15237.32,11885.86,3351.46
813,2024-05-04,Central,Small Business,Electronics,Smartwatch,2,52763.10238865034,0.2,84420.96,60205.09,24215.87
814,2024-09-21,Central,Consumer,Electronics,Headphones,4,55335.93357494085,0.0,221343.73,146874.17,74469.56
815,2024-01-14,West,Consumer,Electronics,Smartphone,2,50211.968581773,0.2,80339.15,46877.39,33461.76
816,2024-07-21,East,Corporate,Clothing,T-Shirt,1,1744.83862974069,0.2,1395.87,1095.19,300.68
817,2024-08-17,West,Corporate,Groceries,Snacks Pack,2,151.59265026343576,0.0,303.19,231.09,72.1
818,2024-07-18,North,Consumer,Electronics,Smartwatch,5,35347.24289268756,0.0,176736.21,98111.2,78625.01
819,2024-10-11,East,Small Business,Furniture,Sofa,2,14735.749322162308,0.0,29471.5,22329.74,7141.76
820,2024-05-26,West,Consumer,Electronics,Tablet,1,7963.292236131795,0.0,7963.29,5563.02,2400.27
821,2024-11-11,North,Consumer,Clothing,Jeans,2,3017.5760166106247,0.1,5431.64,3106.91,2324.73
822,2024-08-15,North,Consumer,Groceries,Tea 250g,3,216.8992690472834,0.1,585.63,458.37,127.26
823,2024-12-14,North,Consumer,Electronics,Smartwatch,2,11452.624151941127,0.1,20614.72,15726.37,4888.35
824,2024-07-19,West,Consumer,Clothing,Jacket,1,3190.5793427041735,0.1,2871.52,1989.49,882.03
825,2024-11-16,West,Corporate,Electronics,Headphones,4,24547.702991658745,0.1,88371.73,62827.23,25544.5
826,2024-07-26,North,Corporate,Electronics,Laptop,3,28153.557877060175,0.2,67568.54,50980.21,16588.33
827,2024-05-11,Central,Consumer,Clothing,T-Shirt,1,2253.746183412938,0.0,2253.75,1556.67,697.08
828,2024-04-30,West,,Electronics,Smartphone,1,51350.643246300686,0.05,48783.11,33898.61,14884.5
829,2024-09-25,North,Corporate,Electronics,Headphones,3,6771.647526647455,0.1,18283.45,11301.72,6981.73
830,2024-02-11,West,Consumer,Groceries,Snacks Pack,5,252.44710071641785,0.0,1262.24,783.07,479.17
831,2024-04-15,North,Consumer,Electronics,Laptop,2,43594.16717602794,0.2,69750.67,40773.89,28976.78
832,2024-09-21,South,Consumer,Furniture,Bookshelf,2,11136.233180023348,0.2,17817.97,11170.64,6647.33
833,2024-12-23,Central,Small Business,Electronics,Headphones,4,43101.07680318076,0.1,155163.88,92245.72,62918.16
834,2024-09-21,Central,Small Business,Groceries,Cooking Oil 1L,3,108.78691251898331,0.0,326.36,239.94,86.42
835,2024-12-08,North,Consumer,Clothing,Jacket,5,3091.8763333393986,0.0,15459.38,10044.89,5414.49
836,2024-05-07,East,Corporate,Groceries,Tea 250g,5,530.6020016392393,0.15,2255.06,1403.18,851.88
837,2024-12-16,South,Corporate,Electronics,Smartwatch,1,20472.349336721465,0.1,18425.11,12127.41,6297.7
838,2024-04-12,South,Consumer,Furniture,Sofa,4,2961.8973470887036,0.2,9478.07,7434.99,2043.08
839,2024-06-15,Central,Consumer,Groceries,Cooking Oil 1L,3,278.6823341380507,0.1,752.44,590.5,161.94
840,2024-11-03,Central,Corporate,Electronics,Smartwatch,5,16258.319135244932,0.0,81291.6,63788.71,17502.89
841,2024-01-21,Central,Consumer,Clothing,Jeans,5,1678.4743504925789,0.15,7133.52,5322.51,1811.01
842,2024-03-08,South,Small Business,Electronics,Smartphone,1,11392.578174608112,0.0,11392.58,7852.12,3540.46
843,2024-04-02,North,Small Business,Electronics,Laptop,4,17704.37237960089,0.0,70817.49,54094.08,16723.41
844,2024-01-03,North,Consumer,Electronics,Laptop,3,33443.92101514181,0.05,95315.17,62142.75,33172.42
845,2024-04-29,South,Consumer,Electronics,Headphones,4,44115.550315177636,0.0,176462.2,138251.9,38210.3
846,2024-11-13,East,Small Business,Groceries,Cooking Oil 1L,4,570.0963227619484,0.05,2166.37,1449.48,716.89
847,2024-03-26,South,Corporate,Groceries,Rice 5kg,5,568.0952957861294,0.0,2840.48,2010.62,829.86
848,2024-06-16,East,Small Business,Clothing,Jeans,5,2317.7618393403473,0.0,11588.81,8979.74,2609.07
849,2024-08-06,East,Small Business,Groceries,Tea 250g,3,560.3638106803619,0.1,1512.98,971.02,541.96
850,2024-08-23,West,Consumer,Electronics,Laptop,5,21082.016604887827,0.0,105410.08,69780.82,35629.26
851,2024-12-12,Central,Consumer,Electronics,Tablet,3,3976.567812320746,0.1,10736.73,6863.29,3873.44
852,2024-01-15,West,Consumer,Groceries,Tea 250g,3,470.93283701399923,0.0,1412.8,875.98,536.82
853,2024-01-16,South,Corporate,Electronics,Smartphone,1,23794.380046291124,0.0,23794.38,13561.54,10232.84
854,2024-04-30,Central,Corporate,Furniture,Bookshelf,2,21341.248406789582,0.1,38414.25,28764.75,9649.5
855,2024-11-30,South,Corporate,Groceries,Snacks Pack,4,347.6388575053621,0.0,1390.56,856.98,533.58
856,2024-04-10,East,Consumer,Furniture,Study Table,3,19608.910819929224,0.0,58826.73,37466.74,21359.99
857,2024-06-29,North,Small Business,Clothing,T-Shirt,4,3811.121862640403,0.0,15244.49,11756.07,3488.42
858,2024-03-21,East,Consumer,Clothing,Jeans,1,1041.700518248668,0.05,989.62,721.55,268.07
859,2024-04-26,Central,Corporate,Furniture,Office Chair,3,17991.305057721587,0.15,45877.83,33969.58,11908.25
860,2024-05-08,East,Corporate,Electronics,Laptop,1,20492.68413033385,0.0,20492.68,14884.67,5608.01
861,2024-09-06,West,Consumer,Clothing,Jacket,4,3388.900694012986,0.0,13555.6,10175.78,3379.82
862,2024-06-24,South,Corporate,Groceries,Rice 5kg,2,477.89143429364987,0.05,907.99,647.84,260.15
863,2024-04-24,West,Consumer,Groceries,Rice 5kg,4,344.1800156673154,0.15,1170.21,881.39,288.82
864,2024-04-10,Central,Small Business,Clothing,Jeans,3,2681.563575274585,0.05,7642.46,4449.89,3192.57
865,2024-09-15,South,Consumer,Clothing,Jacket,1,1001.6835335295059,0.05,951.6,570.68,380.92
866,2024-02-18,North,Consumer,Clothing,T-Shirt,5,655.138122357545,0.0,3275.69,1976.11,1299.58
867,2024-01-25,North,Small Business,Clothing,Sneakers,2,3439.1545087944355,0.0,6878.31,5373.1,1505.21
868,2024-12-07,East,Small Business,Furniture,Office Chair,2,7285.99896122833,0.1,13114.8,7441.04,5673.76
869,2024-06-02,West,Small Business,Groceries,Rice 5kg,3,538.1593521269757,0.0,1614.48,917.25,697.23
870,2024-10-15,Central,Consumer,Clothing,Jacket,4,470.85957537308934,0.05,1789.27,1099.81,689.46
871,2024-08-24,West,Consumer,Clothing,T-Shirt,4,2883.625611928099,0.2,9227.6,6955.72,2271.88
872,2024-10-27,North,Consumer,Groceries,Snacks Pack,3,54.28118364793193,0.0,162.84,92.91,69.93
873,2024-10-02,Central,Consumer,Electronics,Smartwatch,5,4038.7349468458096,0.05,19183.99,11557.28,7626.71
874,2024-02-23,Central,Consumer,Electronics,Tablet,2,34075.39816837191,0.0,68150.8,47492.8,20658.0
875,2024-03-22,Central,Consumer,Electronics,Laptop,2,42345.60402942666,0.05,80456.65,52206.09,28250.56
876,2024-08-05,East,Consumer,Electronics,Smartwatch,1,28450.070948704826,0.1,25605.06,20253.24,5351.82
877,2024-10-15,East,Consumer,Electronics,Tablet,3,27290.024093097178,0.0,81870.07,49334.63,32535.44
878,2024-07-06,West,Consumer,Electronics,Smartwatch,3,7780.625429364064,0.0,23341.88,18359.93,4981.95
879,2024-12-18,South,Consumer,Clothing,Jeans,4,2909.5280977387306,0.0,11638.11,8410.57,3227.54
880,2024-10-15,East,Consumer,Clothing,Jeans,1,2162.5153464749706,0.0,2162.52,1222.64,939.88
881,2024-10-12,South,Consumer,Electronics,Smartphone,1,4474.95717677378,0.0,4474.96,2632.86,1842.1
882,2024-10-04,East,Consumer,Furniture,Sofa,2,17175.46213220728,0.0,34350.92,21150.93,13199.99
883,2024-04-16,Central,Consumer,Furniture,Bookshelf,2,2440.9769472476596,0.05,4637.86,2966.25,1671.61
884,2024-06-15,East,Consumer,Groceries,Tea 250g,3,546.8742657245361,0.2,1312.5,1000.87,311.63
885,2024-02-08,South,Corporate,Clothing,Jeans,5,2095.3149751034875,0.0,10476.57,6627.2,3849.37
886,2024-06-21,North,Consumer,Clothing,Jeans,5,2878.145965789321,0.0,14390.73,8630.54,5760.19
887,2024-06-26,South,Consumer,Groceries,Rice 5kg,2,101.40736529744396,0.1,182.53,136.09,46.44
888,2024-10-05,Central,Consumer,Clothing,Jacket,2,2122.901436757985,0.0,4245.8,3292.75,953.05
889,2024-03-13,South,Consumer,Groceries,Snacks Pack,2,217.99432460166494,0.0,435.99,263.7,172.29
890,2024-03-23,East,Consumer,Clothing,T-Shirt,4,1833.3381766824634,0.0,7333.35,4963.57,2369.78
891,2024-10-02,North,Consumer,Electronics,Tablet,3,2707.641213428907,0.0,8122.92,5025.63,3097.29
892,2024-11-29,Central,Consumer,Electronics,Laptop,3,26473.96125722376,0.05,75450.79,45398.0,30052.79
893,2024-05-21,West,Corporate,Electronics,Smartwatch,5,11597.63310478306,0.0,57988.17,35052.46,22935.71
894,2024-12-22,South,Consumer,Clothing,Sneakers,4,664.8926601628871,0.1,2393.61,1593.14,800.47
895,2024-03-28,Central,Small Business,Clothing,T-Shirt,3,871.1548004476732,0.1,2352.12,1569.84,782.28
896,2024-08-02,East,Corporate,Clothing,Jeans,4,1823.2834391009792,0.05,6928.48,4707.35,2221.13
897,2024-11-29,South,Consumer,Groceries,Snacks Pack,4,239.84891106259676,0.0,959.4,714.65,244.75
898,2024-11-13,West,Consumer,Clothing,Jeans,1,2471.8727810780465,0.2,1977.5,1556.03,421.47
899,2024-12-20,Central,Small Business,Groceries,Snacks Pack,3,151.8641314041414,0.05,432.81,293.71,139.1
900,2024-12-21,Central,Consumer,Electronics,Smartwatch,4,22866.785794499254,0.0,91467.14,65373.09,26094.05
901,2024-05-16,North,Consumer,Clothing,Sneakers,4,537.2256826785698,0.05,2041.46,1595.27,446.19
902,2024-11-29,East,Small Business,Clothing,Jacket,1,2079.01702249737,0.1,1871.12,1374.71,496.41
903,2024-05-21,South,Consumer,Clothing,Sneakers,4,1456.2261212288254,0.0,5824.9,3934.3,1890.6
904,2024-09-02,South,Small Business,Electronics,Tablet,4,13106.99091982342,0.0,52427.96,33611.39,18816.57
905,2024-10-04,North,Corporate,Electronics,Smartwatch,3,8452.875840859877,0.1,22822.76,14884.67,7938.09
906,2024-03-21,West,Corporate,Groceries,Snacks Pack,1,73.90093546564384,0.2,59.12,33.34,25.78
907,2024-05-06,Central,Consumer,Clothing,Jacket,1,3456.5242478205028,0.1,3110.87,2471.84,639.03
908,2024-11-28,Central,Consumer,Clothing,T-Shirt,2,1138.9789868936864,0.0,2277.96,1535.52,742.44
909,2024-06-06,North,Corporate,Furniture,Study Table,3,15012.285977165395,0.1,40533.17,31324.87,9208.3
910,2024-09-30,Central,,Groceries,Snacks Pack,5,582.9075805453084,0.1,2623.08,1987.59,635.49
911,2024-11-02,North,Consumer,Electronics,Smartwatch,1,25558.26531101384,0.0,25558.27,15133.78,10424.49
912,2024-07-04,East,Consumer,Electronics,Headphones,2,56400.39042340003,0.0,112800.78,77359.34,35441.44
913,2024-12-12,Central,Corporate,Electronics,Headphones,4,6873.244727908258,0.15,23369.03,13454.96,9914.07
914,2024-02-14,South,Consumer,Electronics,Smartwatch,4,6340.002359141104,0.0,25360.01,14527.19,10832.82
915,2024-09-05,South,Consumer,Furniture,Sofa,4,17472.41306451003,0.05,66395.17,41803.55,24591.62
916,2024-07-29,Central,Corporate,Clothing,Jacket,4,2143.3583131950118,0.05,8144.76,5936.52,2208.24
917,2024-07-20,Central,Consumer,Electronics,Tablet,4,58600.66164395585,0.05,222682.51,144174.42,78508.09
918,2024-12-05,East,Consumer,Furniture,Study Table,3,12094.901024743493,0.0,36284.7,22617.97,13666.73
919,2024-02-11,East,Consumer,Electronics,Headphones,1,29876.711155445664,0.2,23901.37,15520.88,8380.49
920,2024-01-14,South,Consumer,Electronics,Smartwatch,3,45442.1137711593,0.1,122693.71,90777.6,31916.11
921,2024-09-23,North,,Groceries,Tea 250g,2,286.12673808219995,0.0,572.25,318.82,253.43
922,2024-12-26,South,Consumer,Groceries,Tea 250g,5,198.63688128394278,0.2,794.55,611.37,183.18
923,2024-04-16,South,Consumer,Groceries,Rice 5kg,1,335.5747093042403,0.0,335.57,203.43,132.14
924,2024-07-18,East,Corporate,Clothing,Sneakers,5,2713.885765871006,0.05,12890.96,10002.63,2888.33
925,2024-04-18,West,Consumer,Furniture,Sofa,2,20887.604677048956,0.0,41775.21,29067.14,12708.07
926,2024-09-25,Central,Consumer,Electronics,Tablet,2,44960.16011729276,0.1,80928.29,50655.46,30272.83
927,2024-09-19,West,Corporate,Groceries,Snacks Pack,1,356.3236504152964,0.05,338.51,250.27,88.24
928,2024-10-09,West,Consumer,Electronics,Smartwatch,1,49932.85563572026,0.0,49932.86,34107.21,15825.65
929,2024-07-08,Central,Consumer,Clothing,Sneakers,3,1340.3206165860865,0.1,3618.87,2408.8,1210.07
930,2024-11-17,East,Corporate,Clothing,Jeans,4,2605.334109793155,0.0,10421.34,6381.44,4039.9
931,2024-01-13,East,Consumer,Groceries,Tea 250g,2,405.2803443745387,0.0,810.56,572.24,238.32
932,2024-12-09,West,Consumer,Furniture,Sofa,5,15044.75102200802,0.0,75223.76,53125.32,22098.44
933,2024-10-07,South,Consumer,Clothing,Sneakers,4,1038.7539480985536,0.05,3947.27,2702.67,1244.6
934,2024-04-08,North,Consumer,Electronics,Laptop,3,33881.556793395226,0.0,101644.67,73042.69,28601.98
935,2024-08-30,North,Consumer,Furniture,Bookshelf,2,12939.274129089956,0.1,23290.69,15542.6,7748.09
936,2024-12-29,East,Consumer,Furniture,Bookshelf,4,22494.26945836188,0.0,89977.08,58999.23,30977.85
937,2024-01-08,North,Consumer,Electronics,Tablet,3,6516.4364782996045,0.0,19549.31,11896.71,7652.6
938,2024-04-21,West,Small Business,Clothing,Jacket,5,3238.7866312297238,0.1,14574.54,11572.12,3002.42
939,2024-06-05,Central,Small Business,Electronics,Smartphone,2,37917.17830214389,0.1,68250.92,54004.08,14246.84
940,2024-09-07,Central,Consumer,Electronics,Tablet,3,37022.92284245585,0.1,99961.89,66268.28,33693.61
941,2024-04-29,East,Consumer,Groceries,Tea 250g,4,167.70391224563082,0.0,670.82,490.74,180.08
942,2024-06-03,West,Corporate,Clothing,T-Shirt,5,2916.498690551542,0.1,13124.24,10244.9,2879.34
943,2024-03-21,East,Consumer,Clothing,Jacket,4,2808.68806070422,0.0,11234.75,7502.24,3732.51
944,2024-08-07,West,Consumer,Furniture,Bookshelf,4,19919.16069778072,0.05,75692.81,53434.25,22258.56
945,2024-02-27,West,,Groceries,Rice 5kg,1,109.94999442463686,0.1,98.95,58.48,40.47
946,2024-09-23,East,Corporate,Groceries,Cooking Oil 1L,4,588.0482172994434,0.05,2234.58,1315.25,919.33
947,2024-09-06,East,Consumer,Electronics,Laptop,5,16627.17696083727,0.0,83135.88,66018.48,17117.4
948,2024-02-09,North,Consumer,Electronics,Tablet,5,32628.501329464718,0.05,154985.38,95054.29,59931.09
949,2024-03-30,South,Small Business,Groceries,Rice 5kg,4,529.8560377921965,0.05,2013.45,1152.2,861.25
950,2024-02-19,West,Corporate,Clothing,Jacket,2,1432.5254491845524,0.05,2721.8,1593.66,1128.14
951,2024-12-09,North,Consumer,Clothing,Sneakers,1,2171.4941393982945,0.1,1954.34,1127.11,827.23
952,2024-04-11,North,Consumer,Groceries,Tea 250g,3,457.83448877984466,0.2,1098.8,842.7,256.1
953,2024-04-09,North,Consumer,Electronics,Smartphone,1,36690.58762321281,0.0,36690.59,21383.42,15307.17
954,2024-06-02,South,Consumer,Clothing,Jacket,1,3478.31919006173,0.0,3478.32,1929.81,1548.51
955,2024-06-20,Central,Consumer,Groceries,Rice 5kg,4,405.5209551661898,0.0,1622.08,1194.46,427.62
956,2024-07-03,North,Small Business,Clothing,Sneakers,4,3902.7185695130975,0.05,14830.33,10418.97,4411.36
957,2024-08-31,Central,Consumer,Electronics,Smartwatch,4,18772.746860029474,0.05,71336.44,42577.36,28759.08
958,2024-09-10,South,Consumer,Furniture,Sofa,5,9443.017796983628,0.0,47215.09,36467.13,10747.96
959,2024-08-01,East,Small Business,Groceries,Cooking Oil 1L,5,300.77040217276374,0.1,1353.47,1001.42,352.05
960,2024-04-29,East,Consumer,Groceries,Cooking Oil 1L,3,380.1000693728791,0.15,969.26,751.88,217.38
961,2024-04-11,Central,Consumer,Groceries,Cooking Oil 1L,1,338.8877556567685,0.0,338.89,230.46,108.43
962,2024-01-19,North,Consumer,Clothing,Sneakers,3,3470.848812356532,0.0,10412.55,6928.95,3483.6
963,2024-09-05,West,Consumer,Groceries,Cooking Oil 1L,1,184.63423546618364,0.15,156.94,86.71,70.23
964,2024-10-24,Central,Consumer,Groceries,Cooking Oil 1L,3,441.0113002113358,0.0,1323.03,902.51,420.52
965,2024-11-19,East,Corporate,Clothing,Sneakers,5,1544.8349373314734,0.05,7337.97,4976.76,2361.21
966,2024-03-03,North,Corporate,Clothing,Sneakers,1,1588.4024722788681,0.05,1508.98,1109.02,399.96
967,2024-07-21,East,Small Business,Clothing,Sneakers,3,3513.121224173857,0.15,8958.46,4996.1,3962.36
968,2024-04-21,South,Consumer,Clothing,Jeans,5,411.4274734642116,0.15,1748.57,1322.49,426.08
969,2024-11-09,West,Consumer,Electronics,Headphones,5,25454.038400493464,0.0,127270.19,87294.43,39975.76
970,2024-12-21,East,Corporate,Furniture,Study Table,2,4410.9207416376075,0.0,8821.84,6965.4,1856.44
971,2024-07-09,North,Corporate,Electronics,Tablet,3,26893.158286234855,0.0,80679.47,51519.2,29160.27
972,2024-02-15,East,Small Business,Groceries,Cooking Oil 1L,1,258.36610566780524,0.0,258.37,185.89,72.48
973,2024-12-20,North,,Furniture,Sofa,3,5209.115952872393,0.1,14064.61,9477.98,4586.63
974,2024-02-27,West,Corporate,Electronics,Smartwatch,5,29224.30601330473,0.0,146121.53,114098.44,32023.09
975,2024-01-19,Central,Small Business,Furniture,Study Table,4,10010.316153353404,0.15,34035.07,19863.93,14171.14
976,2024-07-26,South,Corporate,Electronics,Smartwatch,4,2890.937084660344,0.05,10985.56,7566.53,3419.03
977,2024-08-31,Central,Corporate,Clothing,T-Shirt,3,3118.3382822733274,0.05,8887.26,6874.97,2012.29
978,2024-12-03,South,Consumer,Furniture,Sofa,3,12816.634964173045,0.2,30759.92,23277.18,7482.74
979,2024-06-28,West,Consumer,Groceries,Snacks Pack,2,451.8503066945826,0.1,813.33,595.81,217.52
980,2024-03-11,Central,Consumer,Clothing,Sneakers,1,2936.5097156800607,0.0,2936.51,1765.28,1171.23
981,2024-03-24,West,Small Business,Electronics,Laptop,5,34697.92385034038,0.0,173489.62,127152.53,46337.09
982,2024-04-22,South,Consumer,Furniture,Bookshelf,2,9097.029444545089,0.2,14555.25,8707.73,5847.52
983,2024-11-06,West,Consumer,Groceries,Rice 5kg,1,293.69176311339686,0.0,293.69,166.3,127.39
984,2024-12-12,South,Corporate,Furniture,Study Table,1,5133.796323296783,0.0,5133.8,2837.91,2295.89
985,2024-10-02,North,Consumer,Electronics,Smartphone,1,53437.35972545242,0.0,53437.36,37860.38,15576.98
986,2024-10-25,South,Corporate,Furniture,Office Chair,4,21701.068519267676,0.0,86804.27,51977.85,34826.42
987,2024-09-20,North,Consumer,Electronics,Smartwatch,1,6129.063434268995,0.05,5822.61,3583.08,2239.53
988,2024-10-12,South,Corporate,Clothing,Jeans,5,2195.0806231850042,0.05,10426.63,7572.43,2854.2
989,2024-07-11,West,Corporate,Electronics,Laptop,5,8379.577571024054,0.05,39802.99,23904.41,15898.58
990,2024-02-15,West,Corporate,Electronics,Tablet,1,57604.073816977354,0.1,51843.67,36713.01,15130.66
991,2024-06-05,Central,Small Business,Electronics,Laptop,5,47519.172190466285,0.0,237595.86,170561.64,67034.22
992,2024-03-10,Central,Consumer,Electronics,Smartwatch,4,32252.634271291106,0.0,129010.54,80662.3,48348.24
993,2024-10-07,Central,Consumer,Clothing,Sneakers,3,2940.2312950485184,0.0,8820.69,6444.06,2376.63
994,2024-11-02,South,Consumer,Clothing,Jeans,4,2910.8605620162166,0.0,11643.44,6940.22,4703.22
995,2024-10-19,Central,Consumer,Electronics,Laptop,5,16442.554441196295,0.1,73991.49,41406.11,32585.38
996,2024-07-15,South,Consumer,Furniture,Sofa,2,21672.23268034758,0.2,34675.57,25243.41,9432.16
997,2024-09-17,Central,Consumer,Furniture,Bookshelf,3,14806.362840582948,0.1,39977.18,31477.41,8499.77
998,2024-07-28,north,Consumer,Electronics,Headphones,2,3763.070058045705,0.1,6773.53,5417.69,1355.84
999,2024-03-23,South,Corporate,Groceries,Cooking Oil 1L,2,94.78522878881452,0.0,189.57,122.62,66.95
1000,2024-01-19,East,Corporate,Clothing,Sneakers,5,3033.7885997266862,0.0,15168.94,11507.36,3661.58
1001,2024-08-28,West,Consumer,Furniture,Sofa,1,5035.608954285366,0.05,4783.83,3578.51,1205.32
1002,2024-12-08,Central,Consumer,Furniture,Sofa,4,21369.818691411812,0.0,85479.27,66035.2,19444.07
1003,2024-07-17,West,Consumer,Groceries,Tea 250g,2,584.0374553740309,0.0,1168.07,782.9,385.17
1004,2024-04-06,East,Small Business,Furniture,Bookshelf,3,22077.820799407044,0.05,62921.79,49853.81,13067.98
1005,2024-02-14,South,Consumer,Electronics,Smartwatch,1,37905.44835257446,0.2,30324.36,22938.55,7385.81
1006,2024-12-13,East,Small Business,Furniture,Bookshelf,3,14579.07473399109,0.15,37176.64,24198.0,12978.64
1007,2024-01-18,South,Small Business,Clothing,Jeans,2,3629.3705975566872,0.2,5806.99,3328.21,2478.78
1008,2024-04-05,North,Small Business,Clothing,Jeans,2,3581.785564511748,0.0,7163.57,5298.85,1864.72
1009,2024-04-04,Central,Consumer,Clothing,Sneakers,5,554.8502717681993,0.15,2358.11,1338.37,1019.74
1010,2024-09-19,West,Corporate,Clothing,Jacket,3,2915.1651282924645,0.05,8308.22,4855.94,3452.28
1011,2024-04-16,East,Small Business,Clothing,Jacket,2,3977.087614574591,0.1,7158.76,5655.87,1502.89
1012,2024-01-29,Central,Small Business,Electronics,Smartphone,4,55979.09770297826,0.2,179133.11,120219.49,58913.62
1013,2024-02-26,West,Consumer,Furniture,Bookshelf,3,18256.847235233312,0.05,52032.01,38091.54,13940.47
1014,2024-06-14,West,Small Business,Clothing,Sneakers,2,3727.538878026745,0.05,7082.32,4446.22,2636.1
1015,2024-12-17,North,Consumer,Furniture,Bookshelf,4,20452.642776364813,0.05,77720.04,47653.29,30066.75
1016,2024-05-04,North,Consumer,Furniture,Office Chair,5,2768.2691512809924,0.0,13841.35,8389.49,5451.86
1017,2024-08-05,West,Small Business,Clothing,T-Shirt,5,447.7667470991501,0.15,1903.01,1520.57,382.44
1018,2024-02-05,Central,Corporate,Electronics,Headphones,1,29008.745137142956,0.2,23207.0,17373.64,5833.36
1019,2024-04-19,East,Small Business,Electronics,Laptop,4,49836.74526696099,0.0,199346.98,127234.42,72112.56
1020,2024-11-25,Central,Corporate,Groceries,Snacks Pack,3,523.3996642136467,0.05,1491.69,1032.81,458.88
1021,2024-04-18,North,Consumer,Groceries,Tea 250g,4,254.08560414194227,0.0,1016.34,784.84,231.5
1022,2024-03-18,North,Small Business,Clothing,T-Shirt,4,1437.33816052015,0.05,5461.89,3353.58,2108.31
1023,2024-11-21,South,Corporate,Clothing,Sneakers,1,3177.345549340933,0.05,3018.48,1921.84,1096.64
1024,2024-10-02,North,Consumer,Groceries,Snacks Pack,5,391.7615344406059,0.2,1567.05,932.25,634.8
1025,2024-09-27,West,Consumer,Clothing,T-Shirt,1,2194.6520595606053,0.0,2194.65,1473.61,721.04
1026,2024-08-21,West,Corporate,Electronics,Headphones,1,36197.09753199655,0.0,36197.1,26458.3,9738.8
1027,2024-07-29,South,Corporate,Groceries,Rice 5kg,2,402.04971812239353,0.15,683.48,436.0,247.48
1028,2024-08-15,West,Consumer,Electronics,Headphones,4,44761.34863968829,0.0,179045.39,125620.83,53424.56
1029,2024-03-31,Central,Small Business,Clothing,Jeans,4,3681.4551814018646,0.1,13253.24,9479.81,3773.43
1030,2024-06-24,East,Consumer,Electronics,Tablet,2,40574.12352416093,0.0,81148.25,54644.68,26503.57
1031,2024-04-11,South,Corporate,Clothing,Jacket,5,3265.5036767882843,0.1,14694.77,8768.17,5926.6
1032,2024-05-07,East,Consumer,Clothing,Jacket,3,3547.30675606361,0.1,9577.73,5814.11,3763.62
1033,2024-02-15,Central,Consumer,Electronics,Tablet,5,51354.531093294296,0.0,256772.66,165415.23,91357.43
1034,2024-10-01,East,Small Business,Groceries,Rice 5kg,3,542.2008534105662,0.0,1626.6,1153.48,473.12
1035,2024-06-20,Central,Consumer,Groceries,Snacks Pack,3,289.95161060176156,0.1,782.87,590.43,192.44
1036,2024-10-02,South,Consumer,Clothing,Jeans,4,1200.2477937863966,0.0,4800.99,3169.08,1631.91
1037,2024-08-19,Central,Consumer,Clothing,Jeans,1,1314.5274344110298,0.0,1314.53,941.32,373.21
1038,2024-08-30,West,Consumer,Electronics,Smartwatch,5,2851.750888067595,0.15,12119.94,8898.11,3221.83
1039,2024-05-25,East,Small Business,Electronics,Smartphone,2,44276.00846978244,0.15,75269.21,41647.04,33622.17
1040,2024-08-30,North,Corporate,Clothing,T-Shirt,3,3412.9275876734514,0.0,10238.78,7394.58,2844.2
1041,2024-12-11,North,Consumer,Groceries,Rice 5kg,2,271.9375215789762,0.15,462.29,313.2,149.09
1042,2024-10-09,West,Consumer,Clothing,Jacket,1,1038.3205126815214,0.0,1038.32,821.4,216.92
1043,2024-03-19,West,Consumer,Furniture,Study Table,2,24263.297246965856,0.05,46100.26,34096.39,12003.87
1044,2024-06-09,east,Corporate,Furniture,Study Table,2,7839.259460852735,0.1,14110.67,9288.61,4822.06
1045,2024-04-25,East,Consumer,Groceries,Rice 5kg,3,259.3229571937719,0.1,700.17,446.32,253.85
1046,2024-10-13,West,Consumer,Electronics,Headphones,5,25302.42516354325,0.05,120186.52,85156.02,35030.5
1047,2024-04-18,East,Consumer,Electronics,Smartphone,3,53163.284146156286,0.15,135566.37,94566.13,41000.24
1048,2024-11-19,North,Consumer,Electronics,Headphones,3,7320.219619248797,0.2,17568.53,11312.84,6255.69
1049,2024-01-10,East,Corporate,Clothing,T-Shirt,1,2901.240394955625,0.05,2756.18,1987.36,768.82
1050,2024-10-23,West,Consumer,Furniture,Bookshelf,2,12681.266845374857,0.0,25362.53,19660.56,5701.97
1051,2024-03-07,Central,Consumer,Electronics,Laptop,3,38534.513677108764,0.0,115603.54,87464.57,28138.97
1052,2024-03-08,Central,Consumer,Electronics,Headphones,1,22811.00914840437,0.0,22811.01,13009.05,9801.96
1053,2024-01-17,West,Corporate,Clothing,T-Shirt,3,2722.112804387021,0.0,8166.34,4931.41,3234.93
1054,2024-09-04,West,Corporate,Groceries,Snacks Pack,4,505.8934115867328,0.0,2023.57,1395.07,628.5
1055,2024-11-03,West,Consumer,Clothing,Jacket,5,3795.643420049088,0.0,18978.22,12410.35,6567.87
1056,2024-11-02,North,Consumer,Clothing,Jeans,3,3997.6064421920155,0.0,11992.82,8137.39,3855.43
1057,2024-06-09,South,Small Business,Groceries,Cooking Oil 1L,2,51.94514303677353,0.15,88.31,56.99,31.32
1058,2024-06-12,East,Consumer,Clothing,Sneakers,2,1851.626101650865,0.1,3332.93,2139.66,1193.27
1059,2024-09-22,North,Consumer,Electronics,Laptop,2,6395.337812490293,0.2,10232.54,6923.26,3309.28
1060,2024-11-22,South,Consumer,Clothing,Sneakers,5,2022.2443303894083,0.2,8088.98,5557.54,2531.44
1061,2024-09-26,North,Small Business,Groceries,Tea 250g,4,235.71089284051672,0.0,942.84,718.58,224.26
1062,2024-01-06,Central,Small Business,Furniture,Study Table,5,8058.283074984423,0.15,34247.7,23292.95,10954.75
1063,2024-10-17,West,Corporate,Clothing,Jacket,3,2458.777317757996,0.0,7376.33,4519.35,2856.98
1064,2024-02-21,Central,Corporate,Groceries,Snacks Pack,5,340.5936674031798,0.15,1447.52,917.79,529.73
1065,2024-10-24,West,Consumer,Electronics,Smartwatch,1,9147.982258284224,0.2,7318.39,5499.11,1819.28
1066,2024-03-26,North,Consumer,Furniture,Study Table,2,4017.880327042075,0.0,8035.76,6367.98,1667.78
1067,2024-05-31,North,Consumer,Electronics,Smartphone,1,4420.465411307677,0.0,4420.47,2893.61,1526.86
1068,2024-07-08,East,Corporate,Groceries,Cooking Oil 1L,1,314.93491090678754,0.0,314.93,237.97,76.96
1069,2024-03-14,East,Small Business,Clothing,Jacket,3,1850.702080444219,0.0,5552.11,3582.87,1969.24
1070,2024-02-19,South,Corporate,Clothing,Sneakers,4,2041.3279275499015,0.15,6940.51,5550.0,1390.51
1071,2024-04-11,Central,Consumer,Clothing,T-Shirt,1,2877.2099545397996,0.15,2445.63,1802.52,643.11
1072,2024-09-02,South,Consumer,Groceries,Tea 250g,2,170.04821556936236,0.15,289.08,173.33,115.75
1073,2024-12-23,Central,Small Business,Clothing,T-Shirt,1,1583.8430375523626,0.0,1583.84,984.22,599.62
1074,2024-01-29,North,Consumer,Groceries,Tea 250g,4,99.43305405535091,0.05,377.85,300.81,77.04
1075,2024-05-11,South,Consumer,Clothing,Jacket,1,2556.4454936126044,0.05,2428.62,1676.39,752.23
1076,2024-04-26,North,Corporate,Furniture,Office Chair,3,9162.329836032193,0.0,27486.99,15246.93,12240.06
1077,2024-04-15,Central,Small Business,Groceries,Rice 5kg,5,274.0451463961974,0.05,1301.71,862.17,439.54
1078,2024-11-28,West,Corporate,Clothing,Jeans,3,1976.7918924239948,0.2,4744.3,2654.8,2089.5
1079,2024-10-27,North,Consumer,Electronics,Smartphone,2,26615.22250696933,0.0,53230.45,30402.93,22827.52
1080,2024-12-28,Central,Consumer,Groceries,Tea 250g,1,398.72777956869567,0.1,358.86,277.49,81.37
1081,2024-10-24,Central,Corporate,Groceries,Snacks Pack,5,218.30335786491878,0.0,1091.52,644.02,447.5
1082,2024-10-02,Central,Corporate,Furniture,Study Table,4,18380.40974982369,0.05,69845.56,45920.95,23924.61
1083,2024-01-14,North,Consumer,Clothing,T-Shirt,3,2018.5117568024025,0.05,5752.76,3354.7,2398.06
1084,2024-06-22,West,Consumer,Furniture,Office Chair,5,24880.69967398676,0.1,111963.15,81237.62,30725.53
1085,2024-09-20,West,Consumer,Groceries,Snacks Pack,4,475.3197686086783,0.0,1901.28,1250.18,651.1
1086,2024-10-29,Central,Small Business,Clothing,Sneakers,2,993.067738107779,0.1,1787.52,1189.51,598.01
1087,2024-07-15,South,Small Business,Groceries,Cooking Oil 1L,1,56.759863635619,0.15,48.25,34.63,13.62
1088,2024-12-20,East,Small Business,Groceries,Tea 250g,5,250.7519225710451,0.1,1128.38,779.56,348.82
1089,2024-03-29,East,Corporate,Electronics,Smartwatch,3,54770.83168129741,0.0,164312.5,91228.16,73084.34
1090,2024-03-07,South,Small Business,Clothing,Jeans,3,519.7165859653892,0.15,1325.28,870.27,455.01
1091,2024-06-20,West,Consumer,Clothing,T-Shirt,1,827.9359801535065,0.0,827.94,517.02,310.92
1092,2024-07-10,East,Corporate,Clothing,Jeans,4,1266.8926437566286,0.15,4307.43,3114.08,1193.35
1093,2024-05-04,South,Consumer,Electronics,Laptop,5,25921.180158983876,0.0,129605.9,84722.22,44883.68
1094,2024-03-02,West,Small Business,Groceries,Snacks Pack,4,598.7814133010356,0.0,2395.13,1757.06,638.07
1095,2024-08-09,North,Consumer,Clothing,T-Shirt,2,414.857756828574,0.1,746.74,516.29,230.45
1096,2024-12-21,East,Consumer,Electronics,Tablet,4,31797.568897456735,0.0,127190.28,77573.66,49616.62
1097,2024-07-05,West,Small Business,Groceries,Tea 250g,5,596.3550334880962,0.0,2981.78,1727.61,1254.17
1098,2024-05-17,West,Consumer,Groceries,Snacks Pack,5,582.2966753453377,0.0,2911.48,2030.11,881.37
1099,2024-08-27,West,Small Business,Groceries,Rice 5kg,1,423.5586004437538,0.1,381.2,224.73,156.47
1100,2024-06-05,North,Small Business,Groceries,Cooking Oil 1L,3,106.81140715395372,0.0,320.43,207.62,112.81
1101,2024-01-07,East,Consumer,Clothing,Jeans,2,2865.2933043250823,0.0,5730.59,4552.43,1178.16
1102,2024-12-05,North,Consumer,Electronics,Smartphone,1,6181.905331307294,0.0,6181.91,4797.74,1384.17
1103,2024-01-01,East,Consumer,Clothing,Jacket,3,3451.4009471763375,0.0,10354.2,6378.82,3975.38
1104,2024-12-14,South,Corporate,Groceries,Cooking Oil 1L,3,64.44125034544832,0.1,173.99,106.68,67.31
1105,2024-02-06,North,Small Business,Groceries,Tea 250g,2,518.1005352276795,0.0,1036.2,736.37,299.83
1106,2024-02-12,East,Consumer,Furniture,Study Table,2,24614.55303886517,0.05,46767.65,36234.94,10532.71
1107,2024-10-08,East,Consumer,Clothing,Jeans,3,1164.6930370835748,0.1,3144.67,2461.15,683.52
1108,2024-12-03,East,Small Business,Furniture,Sofa,4,11612.106751123074,0.1,41803.58,29909.93,11893.65
1109,2024-09-29,South,Corporate,Furniture,Office Chair,3,6853.881594798154,0.0,20561.64,13573.36,6988.28
1110,2024-11-02,North,Corporate,Electronics,Tablet,1,9517.991486890005,0.0,9517.99,7376.33,2141.66
1111,2024-09-13,South,Consumer,Electronics,Tablet,1,8102.860932339094,0.05,7697.72,6097.03,1600.69
1112,2024-09-19,West,Consumer,Groceries,Cooking Oil 1L,2,464.11153630267387,0.1,835.4,618.2,217.2
1113,2024-12-09,North,Small Business,Electronics,Tablet,2,31800.949640601255,0.1,57241.71,36030.23,21211.48
1114,2024-05-02,East,Small Business,Electronics,Headphones,5,46127.04545693774,0.05,219103.47,145275.61,73827.86
1115,2024-12-10,North,Consumer,Clothing,T-Shirt,1,865.8508021548445,0.05,822.56,642.27,180.29
1116,2024-07-12,North,Consumer,Electronics,Laptop,1,6042.403048167508,0.2,4833.92,2956.57,1877.35
1117,2024-09-02,Central,Consumer,Groceries,Tea 250g,1,250.778202647993,0.1,225.7,162.57,63.13
1118,2024-08-01,West,Small Business,Electronics,Headphones,5,33674.32232815825,0.1,151534.45,114438.15,37096.3
1119,2024-06-25,North,Consumer,Electronics,Tablet,5,4619.808990094655,0.0,23099.04,14395.53,8703.51
1120,2024-01-05,North,Consumer,Clothing,Sneakers,2,445.3334056029812,0.15,757.07,563.31,193.76
1121,2024-08-30,South,Small Business,Clothing,Jacket,2,859.8739487536807,0.0,1719.75,1087.03,632.72
1122,2024-07-02,South,Consumer,Electronics,Headphones,1,47409.29778802318,0.15,40297.9,25745.76,14552.14
1123,2024-12-10,West,Consumer,Electronics,Laptop,1,29176.030478813424,0.1,26258.43,14699.14,11559.29
1124,2024-05-06,North,Consumer,Groceries,Tea 250g,1,55.01046913521091,0.1,49.51,29.86,19.65
1125,2024-06-30,North,Corporate,Furniture,Bookshelf,5,14270.69748109381,0.0,71353.49,47035.83,24317.66
1126,2024-01-10,West,Consumer,Clothing,T-Shirt,2,829.3006036532797,0.15,1409.81,1114.01,295.8
1127,2024-08-02,North,Corporate,Electronics,Headphones,4,39316.188812532186,0.0,157264.76,116576.89,40687.87
1128,2024-07-20,East,Small Business,Clothing,T-Shirt,2,2091.2874725116467,0.1,3764.32,2537.27,1227.05
1129,2024-10-30,Central,Small Business,Furniture,Sofa,3,8647.145698892658,0.05,24644.37,19460.99,5183.38
1130,2024-04-15,South,Corporate,Electronics,Tablet,5,52968.18635274729,0.05,251598.89,150215.52,101383.37
1131,2024-01-02,North,Small Business,Electronics,Smartphone,3,1979.7415015172685,0.0,5939.22,4620.81,1318.41
1132,2024-06-30,West,Consumer,Electronics,Headphones,2,57458.989820828385,0.1,103426.18,60766.85,42659.33
1133,2024-09-11,East,Small Business,Clothing,T-Shirt,1,961.3066347861774,0.0,961.31,748.9,212.41
1134,2024-07-17,North,Consumer,Groceries,Snacks Pack,2,484.6186688535693,0.1,872.31,553.33,318.98
1135,2024-01-15,North,Corporate,Clothing,Jacket,3,1914.126066964819,0.0,5742.38,3727.68,2014.7
1136,2024-07-08,North,Corporate,Furniture,Office Chair,2,17945.311830400526,0.05,34096.09,23021.3,11074.79
1137,2024-11-16,North,Consumer,Furniture,Sofa,3,24045.874325059933,0.0,72137.62,52983.46,19154.16
1138,2024-03-21,West,Corporate,Electronics,Tablet,1,1717.3918659110634,0.0,1717.39,1176.64,540.75
1139,2024-04-16,East,Corporate,Electronics,Laptop,4,8543.398050855343,0.0,34173.59,19659.43,14514.16
1140,2024-07-07,North,Corporate,Electronics,Headphones,3,58706.9152854884,0.05,167314.71,110524.94,56789.77
1141,2024-10-06,South,Small Business,Clothing,Jacket,4,3591.510414538604,0.2,11492.83,7709.83,3783.0
1142,2024-10-05,Central,Small Business,Electronics,Smartphone,4,10489.94691349681,0.0,41959.79,27481.01,14478.78
1143,2024-04-05,West,Small Business,Furniture,Sofa,3,10240.886510950395,0.2,24578.13,19211.49,5366.64
1144,2024-07-16,East,Consumer,Clothing,Jacket,1,1576.1531739293778,0.0,1576.15,946.45,629.7
1145,2024-10-23,East,Consumer,Groceries,Rice 5kg,2,487.50020084214503,0.0,975.0,552.04,422.96
1146,2024-09-09,South,Consumer,Clothing,Sneakers,4,1145.5053695957574,0.2,3665.62,2616.88,1048.74
1147,2024-07-22,West,Corporate,Clothing,Sneakers,3,1752.7336520942665,0.2,4206.56,2525.46,1681.1
1148,2024-09-05,East,Small Business,Groceries,Tea 250g,2,480.62677128200403,0.15,817.07,578.75,238.32
1149,2024-04-09,East,Small Business,Groceries,Rice 5kg,1,50.66198764995985,0.0,50.66,36.14,14.52
1150,2024-09-01,West,Corporate,Electronics,Tablet,3,32919.15313665902,0.05,93819.59,73785.46,20034.13
1151,2024-07-15,Central,Corporate,Electronics,Smartphone,1,41272.56312590973,0.05,39208.93,22689.12,16519.81
1152,2024-01-11,South,Corporate,Groceries,Cooking Oil 1L,1,276.138531215492,0.2,220.91,142.8,78.11
1153,2024-07-24,Central,Small Business,Clothing,Jeans,5,2180.6893854961218,0.0,10903.45,6092.05,4811.4
1154,2024-08-27,South,Consumer,Clothing,Jacket,5,3360.720316058598,0.0,16803.6,12455.93,4347.67
1155,2024-06-18,Central,Small Business,Groceries,Snacks Pack,4,322.36835596935043,0.1,1160.53,774.0,386.53
1156,2024-01-09,West,Consumer,Clothing,Sneakers,4,3623.872433370974,0.0,14495.49,8603.73,5891.76
1157,2024-09-02,West,Small Business,Electronics,Headphones,2,49845.27333765959,0.05,94706.02,69205.73,25500.29
1158,2024-03-09,North,Consumer,Furniture,Sofa,5,18978.41363846348,0.0,94892.07,54459.71,40432.36
1159,2024-08-18,North,Small Business,Electronics,Smartphone,5,43309.46643401328,0.0,216547.33,132145.82,84401.51
1160,2024-11-15,South,Consumer,Clothing,Jeans,1,1047.4400086079486,0.2,837.95,638.91,199.04
1161,2024-08-26,Central,Consumer,Groceries,Rice 5kg,3,417.8950580902398,0.05,1191.0,758.24,432.76
1162,2024-12-02,Central,Consumer,Groceries,Rice 5kg,4,259.0040503324135,0.0,1036.02,764.89,271.13
1163,2024-11-12,Central,Consumer,Electronics,Tablet,1,8991.225602067505,0.2,7192.98,5106.33,2086.65
1164,2024-08-07,West,Corporate,Electronics,Smartwatch,5,59257.86795932367,0.15,251845.94,197441.27,54404.67
1165,2024-03-14,East,,Electronics,Headphones,3,13318.043483359957,0.05,37956.42,23991.04,13965.38
1166,2024-03-21,Central,Consumer,Electronics,Smartphone,4,47041.84631802267,0.05,178759.02,102101.62,76657.4
1167,2024-04-26,North,Corporate,Groceries,Tea 250g,3,218.33255901889675,0.0,655.0,451.89,203.11
1168,2024-01-15,East,Small Business,Clothing,T-Shirt,5,3093.121716531255,0.1,13919.05,8932.81,4986.24
1169,2024-04-04,West,Consumer,Clothing,Jeans,4,3287.006752162251,0.15,11175.82,7189.73,3986.09
1170,2024-10-11,South,Consumer,Groceries,Tea 250g,4,288.3455911198347,0.05,1095.71,774.57,321.14
1171,2024-09-29,South,Small Business,Groceries,Rice 5kg,2,307.31090721859323,0.0,614.62,450.61,164.01
1172,2024-09-02,Central,Consumer,Clothing,Jacket,1,1301.3429825451196,0.0,1301.34,1035.87,265.47
1173,2024-02-18,South,Consumer,Furniture,Sofa,1,15815.347157228929,0.0,15815.35,10207.66,5607.69
1174,2024-01-17,North,Consumer,Furniture,Bookshelf,5,3214.9668231351443,0.0,16074.83,10775.4,5299.43
1175,2024-01-31,Central,Corporate,Clothing,Sneakers,4,3985.0441661785826,0.05,15143.17,10269.66,4873.51
1176,2024-06-20,West,Small Business,Electronics,Headphones,2,20113.102452657946,0.0,40226.2,23869.59,16356.61
1177,2024-06-04,West,Corporate,Furniture,Study Table,2,11213.693604421263,0.0,22427.39,17335.63,5091.76
1178,2024-11-04,North,Small Business,Groceries,Snacks Pack,4,491.33005794828676,0.0,1965.32,1251.15,714.17
1179,2024-05-25,East,Corporate,Electronics,Laptop,4,21053.412888192182,0.0,84213.65,61684.63,22529.02
1180,2024-03-13,East,Corporate,Clothing,Jacket,5,3875.8634764705216,0.1,17441.39,12498.09,4943.3
1181,2024-12-31,West,Consumer,Clothing,Jeans,2,810.1774592607471,0.0,1620.35,1195.45,424.9
1182,2024-11-06,East,Corporate,Electronics,Headphones,1,43333.428317604325,0.15,36833.41,28428.86,8404.55
1183,2024-10-26,South,Small Business,Electronics,Tablet,4,18082.861731793862,0.05,68714.87,54416.11,14298.76
1184,2024-08-06,North,Small Business,Groceries,Cooking Oil 1L,5,328.5536153218939,0.0,1642.77,1078.64,564.13
1185,2024-05-26,West,Consumer,Groceries,Snacks Pack,4,360.74998415005365,0.0,1443.0,1031.01,411.99
1186,2024-08-07,Central,Consumer,Clothing,Jacket,4,2854.0323340926643,0.0,11416.13,7785.54,3630.59
1187,2024-03-10,East,Corporate,Electronics,Tablet,2,51191.20276311106,0.0,102382.41,74890.01,27492.4
1188,2024-06-29,North,Consumer,Clothing,Jeans,3,1118.0656725989872,0.2,2683.36,2068.46,614.9
1189,2024-08-07,Central,Small Business,Groceries,Rice 5kg,4,397.9626567612468,0.0,1591.85,1165.18,426.67
1190,2024-09-27,East,Small Business,Electronics,Smartwatch,4,54625.7253087969,0.1,196652.61,134864.9,61787.71
1191,2024-09-13,East,Small Business,Groceries,Cooking Oil 1L,1,251.55115548698882,0.2,201.24,111.55,89.69
1192,2024-10-04,South,Consumer,Groceries,Cooking Oil 1L,5,149.68629333638523,0.15,636.17,415.85,220.32
1193,2024-08-18,North,Corporate,Electronics,Headphones,2,33093.84434412405,0.1,59568.92,41101.94,18466.98
1194,2024-03-04,East,Consumer,Clothing,Jacket,1,2847.066008282935,0.0,2847.07,1751.23,1095.84
1195,2024-02-02,West,Corporate,Clothing,T-Shirt,5,3913.0674856369196,0.2,15652.27,9292.91,6359.36
1196,2024-01-26,South,Corporate,Groceries,Cooking Oil 1L,3,127.1775262299772,0.05,362.46,224.23,138.23
1197,2024-10-30,Central,Consumer,Electronics,Smartwatch,5,11199.6648077721,0.1,50398.49,35404.71,14993.78
1198,2024-08-28,Central,Consumer,Clothing,Sneakers,2,3821.981338997523,0.0,7643.96,5527.93,2116.03
1199,2024-12-13,South,Consumer,Electronics,Smartwatch,2,53134.952683440984,0.2,85015.92,61529.58,23486.34
1200,2024-12-20,West,Consumer,Furniture,Sofa,5,24945.95778263589,0.05,118493.3,71238.8,47254.5
1201,2024-06-18,North,Corporate,Electronics,Tablet,1,50382.317071052224,0.0,50382.32,34330.9,16051.42
1202,2024-07-19,South,Consumer,Electronics,Headphones,2,12991.266680755309,0.1,23384.28,18189.62,5194.66
1203,2024-05-25,West,Consumer,Clothing,Jeans,2,3451.9298732707944,0.05,6558.67,4679.28,1879.39
1204,2024-04-16,Central,Small Business,Groceries,Cooking Oil 1L,3,260.11915672619904,0.0,780.36,570.98,209.38
1205,2024-11-19,North,Small Business,Groceries,Rice 5kg,3,106.19477766956942,0.0,318.58,185.13,133.45
1206,2024-07-02,North,Consumer,Groceries,Tea 250g,2,492.3546014591953,0.2,787.77,444.79,342.98
1207,2024-05-31,East,Small Business,Clothing,Jeans,5,1794.9905628482725,0.2,7179.96,4284.34,2895.62
1208,2024-08-24,North,Small Business,Furniture,Office Chair,3,21530.14263170581,0.0,64590.43,41424.71,23165.72
1209,2024-08-31,North,Small Business,Furniture,Office Chair,5,5521.357610372399,0.05,26226.45,18066.87,8159.58
1210,2024-06-06,East,Corporate,Groceries,Cooking Oil 1L,1,169.1388196768475,0.0,169.14,132.2,36.94
1211,2024-01-06,East,Consumer,Electronics,Smartphone,2,50618.31917278603,0.15,86051.14,47454.61,38596.53
1212,2024-02-11,West,Corporate,Furniture,Office Chair,2,8220.789429179702,0.1,14797.42,8906.05,5891.37
1213,2024-08-15,North,Consumer,Furniture,Sofa,1,24132.395383506653,0.0,24132.4,15319.09,8813.31
1214,2024-11-23,North,Consumer,Furniture,Office Chair,4,11922.92374186223,0.0,47691.69,37530.34,10161.35
1215,2024-08-13,East,Consumer,Electronics,Headphones,5,43437.724272440726,0.05,206329.19,164363.2,41965.99
1216,2024-03-03,North,Consumer,Furniture,Bookshelf,5,9292.69669535034,0.2,37170.79,22065.01,15105.78
1217,2024-05-27,South,Consumer,Furniture,Office Chair,3,24008.434180558223,0.1,64822.77,42857.98,21964.79
1218,2024-11-06,South,Consumer,Groceries,Snacks Pack,1,334.2403270798432,0.15,284.1,199.99,84.11
1219,2024-11-13,South,Consumer,Clothing,Sneakers,4,2054.513221165998,0.0,8218.05,4723.13,3494.92
1220,2024-06-24,North,Small Business,Furniture,Office Chair,4,9797.656644109924,0.0,39190.63,27153.61,12037.02
1221,2024-03-19,South,Small Business,Electronics,Laptop,5,41251.17850831037,0.1,185630.3,141838.91,43791.39
1222,2024-11-24,Central,Consumer,Electronics,Smartphone,3,4094.2914242856677,0.05,11668.73,7279.19,4389.54
1223,2024-03-06,South,Corporate,Electronics,Smartwatch,1,16758.857024032615,0.1,15082.97,9165.8,5917.17
1224,2024-12-22,South,Consumer,Clothing,Jacket,5,515.784909917381,0.1,2321.03,1278.08,1042.95
1225,2024-01-02,Central,Consumer,Clothing,Jacket,1,2048.473865072975,0.0,2048.47,1543.07,505.4
1226,2024-12-27,South,Consumer,Groceries,Rice 5kg,4,529.8505971882195,0.0,2119.4,1497.84,621.56
1227,2024-03-16,North,Small Business,Electronics,Smartphone,2,11831.901015586187,0.05,22480.61,13936.08,8544.53
1228,2024-04-07,North,Consumer,Clothing,Sneakers,5,1062.8680830922656,0.1,4782.91,3572.48,1210.43
1229,2024-09-01,Central,Consumer,Clothing,T-Shirt,5,2116.634094095655,0.0,10583.17,8033.6,2549.57
1230,2024-05-20,South,Corporate,Clothing,Jacket,1,2869.281780592589,0.2,2295.43,1420.84,874.59
1231,2024-07-08,North,Consumer,Furniture,Bookshelf,5,10697.95173241742,0.15,45466.29,30185.19,15281.1
1232,2024-06-08,West,Consumer,Clothing,Sneakers,4,2938.28774146165,0.0,11753.15,8211.99,3541.16
1233,2024-01-17,Central,Corporate,Electronics,Laptop,3,13690.534390502431,0.05,39018.02,23903.85,15114.17
1234,2024-06-04,Central,Consumer,Electronics,Headphones,3,41626.85941143084,0.1,112392.52,64449.38,47943.14
1235,2024-11-24,East,Consumer,Clothing,Sneakers,1,1355.9281802095436,0.0,1355.93,882.82,473.11
1236,2024-07-13,Central,Small Business,Clothing,Sneakers,2,991.1810496184454,0.05,1883.24,1349.74,533.5
1237,2024-02-05,West,Consumer,Groceries,Tea 250g,3,75.49429818885375,0.05,215.16,168.25,46.91
1238,2024-06-24,East,Small Business,Electronics,Smartwatch,3,51658.76852907185,0.0,154976.31,97547.15,57429.16
1239,2024-02-11,West,Consumer,Groceries,Rice 5kg,5,264.73282940664046,0.15,1125.11,704.37,420.74
1240,2024-07-03,South,Small Business,Furniture,Bookshelf,3,17606.402616930645,0.15,44896.33,28599.82,16296.51
1241,2024-05-29,South,Corporate,Electronics,Smartwatch,4,48471.39572039516,0.0,193885.58,125876.92,68008.66
1242,2024-11-26,Central,Corporate,Clothing,Jeans,3,1229.132831403444,0.0,3687.4,2690.28,997.12
1243,2024-07-06,East,Corporate,Clothing,Jacket,4,2134.8672478096078,0.0,8539.47,4981.13,3558.34
1244,2024-10-02,South,Consumer,Electronics,Smartphone,4,56734.20026508122,0.15,192896.28,152994.87,39901.41
1245,2024-01-06,North,Consumer,Electronics,Headphones,1,33968.0315587788,0.0,33968.03,22694.55,11273.48
1246,2024-10-13,North,Consumer,Furniture,Study Table,5,7677.524821859781,0.1,34548.86,27554.14,6994.72
1247,2024-06-25,West,Small Business,Groceries,Rice 5kg,2,127.49480094021936,0.15,216.74,151.83,64.91
1248,2024-02-09,South,Corporate,Furniture,Sofa,5,24960.97258188104,0.2,99843.89,77447.42,22396.47
1249,2024-04-02,South,Consumer,Clothing,T-Shirt,3,2112.343544025892,0.0,6337.03,3778.88,2558.15
1250,2024-03-18,East,Consumer,Furniture,Sofa,1,5315.754984009549,0.05,5049.97,3480.63,1569.34
1251,2024-01-07,East,Small Business,Clothing,Jeans,3,2875.9829279637333,0.05,8196.55,5029.45,3167.1
1252,2024-05-16,Central,Consumer,Electronics,Tablet,2,6764.15504645281,0.1,12175.48,6866.84,5308.64
1253,2024-10-16,East,Corporate,Groceries,Cooking Oil 1L,5,148.64434759550352,0.05,706.06,474.22,231.84
1254,2024-02-16,West,Consumer,Groceries,Rice 5kg,1,570.7770686227807,0.0,570.78,369.46,201.32
1255,2024-02-12,Central,Small Business,Clothing,Jacket,1,1357.7869207816414,0.05,1289.9,1011.58,278.32
1256,2024-02-28,Central,Consumer,Electronics,Smartwatch,2,13873.950288037304,0.0,27747.9,16252.35,11495.55
1257,2024-10-28,West,Small Business,Groceries,Rice 5kg,1,397.209121783002,0.0,397.21,250.06,147.15
1258,2024-10-27,North,Corporate,Groceries,Snacks Pack,3,131.82373552876473,0.0,395.47,225.5,169.97
1259,2024-07-10,South,Consumer,Clothing,T-Shirt,2,1572.6532808215577,0.0,3145.31,1914.35,1230.96
1260,2024-06-15,West,Small Business,Electronics,Smartphone,1,49427.3551464005,0.1,44484.62,29917.15,14567.47
1261,2024-01-13,West,Consumer,Electronics,Tablet,3,32572.08565720422,0.2,78173.01,50920.36,27252.65
1262,2024-08-21,North,Corporate,Clothing,Jacket,1,3166.7371492410975,0.1,2850.06,1627.93,1222.13
1263,2024-08-23,North,Consumer,Clothing,Jacket,5,850.9633388768746,0.2,3403.85,2366.85,1037.0
1264,2024-01-25,South,Small Business,Groceries,Cooking Oil 1L,5,263.9407058802415,0.0,1319.7,822.06,497.64
1265,2024-12-15,South,Consumer,Electronics,Laptop,3,51210.55336265846,0.1,138268.49,80240.82,58027.67
1266,2024-12-13,West,Small Business,Electronics,Headphones,3,13893.74581754893,0.0,41681.24,27809.03,13872.21
1267,2024-02-15,West,Corporate,Furniture,Office Chair,3,16364.848626100073,0.0,49094.55,27346.91,21747.64
1268,2024-09-19,North,Consumer,Groceries,Snacks Pack,3,300.9320242293345,0.0,902.8,528.09,374.71
1269,2024-02-10,North,Consumer,Clothing,Jeans,3,3553.188596921025,0.15,9060.63,6689.03,2371.6
1270,2024-08-08,East,Corporate,Groceries,Cooking Oil 1L,5,303.03643142687304,0.1,1363.66,1050.77,312.89
1271,2024-11-09,West,Consumer,Furniture,Office Chair,4,8462.47637922881,0.1,30464.91,22742.06,7722.85
1272,2024-09-21,West,Consumer,Clothing,Sneakers,3,3151.8371292252673,0.1,8509.96,6585.44,1924.52
1273,2024-07-10,East,Consumer,Clothing,Jacket,5,751.7347732861365,0.1,3382.81,2241.91,1140.9
1274,2024-03-05,East,Small Business,Clothing,T-Shirt,3,2488.7882692859457,0.05,7093.05,5246.03,1847.02
1275,2024-06-07,Central,Small Business,Electronics,Tablet,2,11627.838191161612,0.05,22092.89,17479.63,4613.26
1276,2024-01-14,West,Corporate,Clothing,Sneakers,2,652.707801067769,0.0,1305.42,939.6,365.82
1277,2024-02-28,North,Small Business,Clothing,Sneakers,2,1685.7673224744217,0.2,2697.23,1536.15,1161.08
1278,2024-08-22,West,Small Business,Furniture,Study Table,1,3995.0952703371095,0.2,3196.08,2350.35,845.73
1279,2024-02-02,South,Consumer,Electronics,Headphones,2,47332.91025914147,0.2,75732.66,59274.27,16458.39
1280,2024-08-01,South,Consumer,Clothing,T-Shirt,1,3242.9632331579764,0.0,3242.96,2401.33,841.63
1281,2024-12-17,Central,Consumer,Electronics,Laptop,1,33692.69001600362,0.0,33692.69,19183.67,14509.02
1282,2024-07-13,West,Consumer,Clothing,Jacket,4,2192.5769922241825,0.2,7016.25,4740.91,2275.34
1283,2024-05-06,South,Consumer,Electronics,Smartphone,5,24219.46234378553,0.2,96877.85,71130.46,25747.39
1284,2024-10-05,South,,Clothing,T-Shirt,5,3875.3993331883466,0.0,19377.0,13525.46,5851.54
1285,2024-04-22,Central,Consumer,Clothing,Jeans,3,2162.017115267942,0.15,5513.14,3369.65,2143.49
1286,2024-11-10,North,Consumer,Clothing,Jeans,2,2017.2536707932968,0.1,3631.06,2063.91,1567.15
1287,2024-04-22,Central,Consumer,Electronics,Smartwatch,5,54809.2826555354,0.05,260344.09,156179.61,104164.48
1288,2024-02-19,North,Consumer,Electronics,Tablet,5,50694.10633350631,0.15,215449.95,170428.76,45021.19
1289,2024-05-09,Central,Consumer,Electronics,Headphones,1,37028.48864707697,0.0,37028.49,23383.3,13645.19
1290,2024-07-29,North,Small Business,Clothing,Sneakers,4,2037.7662584708007,0.0,8151.07,4846.21,3304.86
1291,2024-02-15,South,Consumer,Electronics,Headphones,4,43571.55748626432,0.05,165571.92,106377.06,59194.86
1292,2024-12-08,South,Corporate,Groceries,Tea 250g,4,110.77574317522951,0.05,420.95,275.94,145.01
1293,2024-11-25,East,Corporate,Electronics,Headphones,3,5204.175947880775,0.1,14051.28,8979.64,5071.64
1294,2024-09-27,South,Consumer,Clothing,Sneakers,1,503.68493404960066,0.05,478.5,347.49,131.01
1295,2024-10-08,East,,Electronics,Smartwatch,3,14628.875515988686,0.0,43886.63,25681.83,18204.8
1296,2024-02-27,North,Consumer,Electronics,Laptop,3,11416.92937927355,0.1,30825.71,22084.94,8740.77
1297,2024-05-24,Central,Corporate,Clothing,Sneakers,5,3801.600494373833,0.0,19008.0,12129.3,6878.7
1298,2024-01-15,East,Small Business,Clothing,Sneakers,4,3384.5354130734245,0.1,12184.33,9683.32,2501.01
1299,2024-12-30,West,Consumer,Furniture,Bookshelf,4,2418.721971373567,0.15,8223.65,4726.03,3497.62
1300,2024-08-25,West,Corporate,Electronics,Headphones,2,33230.04690970137,0.0,66460.09,40816.02,25644.07
1301,2024-11-06,Central,Corporate,Electronics,Laptop,3,57491.76544760527,0.0,172475.3,119229.85,53245.45
1302,2024-03-01,Central,Corporate,Clothing,Jacket,1,2265.4657924351955,0.05,2152.19,1554.84,597.35
1303,2024-10-13,East,Corporate,Clothing,Jeans,4,3742.98278647727,0.0,14971.93,10142.65,4829.28
1304,2024-09-08,West,Small Business,Electronics,Smartwatch,2,15796.332160997554,0.2,25274.13,14515.28,10758.85
1305,2024-08-30,Central,Small Business,Groceries,Rice 5kg,5,202.64644237918276,0.0,1013.23,585.46,427.77
1306,2024-04-24,West,Corporate,Groceries,Cooking Oil 1L,2,544.0538391490873,0.05,1033.7,677.68,356.02
1307,2024-09-07,North,Corporate,Electronics,Headphones,4,32992.265761699644,0.1,118772.16,85793.29,32978.87
1308,2024-11-30,South,Corporate,Clothing,Jeans,2,1282.8278496340436,0.0,2565.66,1457.87,1107.79
1309,2024-02-19,Central,Corporate,Electronics,Headphones,2,42732.917554764186,0.05,81192.54,57922.05,23270.49
1310,2024-05-16,North,Corporate,Electronics,Smartphone,3,24616.22284711175,0.1,66463.8,52083.0,14380.8
1311,2024-06-22,Central,Consumer,Clothing,Jeans,1,3428.298601156869,0.05,3256.88,2093.84,1163.04
1312,2024-12-29,East,Corporate,Electronics,Smartphone,1,8175.713295426545,0.0,8175.71,5502.78,2672.93
1313,2024-08-15,West,Small Business,Groceries,Tea 250g,4,152.48341198942404,0.1,548.94,407.76,141.18
1314,2024-09-04,East,Consumer,Clothing,Sneakers,2,1583.7989687722852,0.0,3167.6,2397.18,770.42
1315,2024-02-16,West,Small Business,Clothing,Sneakers,5,3170.560544661036,0.1,14267.52,10559.76,3707.76
1316,2024-03-06,South,Small Business,Clothing,Jeans,3,2172.678832175339,0.05,6192.13,3867.21,2324.92
1317,2024-10-23,East,Small Business,Electronics,Headphones,4,44533.827198953266,0.1,160321.78,108380.53,51941.25
1318,2024-10-21,Central,Small Business,Clothing,Sneakers,4,1947.3437133089749,0.05,7399.91,4123.67,3276.24
1319,2024-03-03,West,Corporate,Electronics,Headphones,5,33942.96928483403,0.1,152743.36,112041.34,40702.02
1320,2024-03-29,East,Consumer,Clothing,Jeans,5,758.0617508278835,0.0,3790.31,2411.36,1378.95
1321,2024-03-06,Central,Consumer,Furniture,Sofa,2,2484.85518985635,0.0,4969.71,3271.0,1698.71
1322,2024-09-25,North,Small Business,Furniture,Study Table,3,21236.994386585025,0.15,54154.34,36508.47,17645.87
1323,2024-07-16,North,Consumer,Clothing,Jeans,5,2315.2485231881083,0.0,11576.24,8509.42,3066.82
1324,2024-01-30,South,Consumer,Clothing,Jeans,5,1625.6225039569806,0.05,7721.71,4661.73,3059.98
1325,2024-07-06,South,Consumer,Groceries,Snacks Pack,4,585.3585576763145,0.0,2341.43,1334.92,1006.51
1326,2024-02-06,West,Corporate,Clothing,Jeans,5,3406.782138191568,0.15,14478.82,10664.61,3814.21
1327,2024-09-17,East,Corporate,Electronics,Laptop,2,41114.02827363968,0.2,65782.45,36998.8,28783.65
1328,2024-11-13,Central,Consumer,Clothing,T-Shirt,1,3964.3140842779762,0.1,3567.88,2054.6,1513.28
1329,2024-08-12,West,Consumer,Electronics,Smartphone,5,10506.503556482767,0.0,52532.52,33813.93,18718.59
1330,2024-01-13,West,Consumer,Furniture,Office Chair,1,18135.961431258904,0.0,18135.96,12187.17,5948.79
1331,2024-03-17,North,Corporate,Clothing,T-Shirt,2,3710.411906127826,0.0,7420.82,5055.21,2365.61
1332,2024-01-01,East,Consumer,Clothing,Jeans,4,3941.1788949759484,0.05,14976.48,10233.9,4742.58
1333,2024-12-16,Central,,Clothing,T-Shirt,4,2024.3751278022264,0.1,7287.75,4487.5,2800.25
1334,2024-08-26,West,Small Business,Furniture,Office Chair,5,9711.631292827824,0.0,48558.16,28887.02,19671.14
1335,2024-01-17,South,Small Business,Electronics,Laptop,1,4167.759343826043,0.1,3750.98,2995.86,755.12
1336,2024-01-08,East,Consumer,Groceries,Tea 250g,3,152.6190217212186,0.0,457.86,350.32,107.54
1337,2024-09-12,East,Consumer,Electronics,Headphones,2,47065.21973850045,0.15,80010.87,57551.62,22459.25
1338,2024-05-19,West,Small Business,Clothing,Sneakers,5,1526.755771049637,0.0,7633.78,5894.68,1739.1
1339,2024-10-22,North,Consumer,Furniture,Office Chair,5,9223.779657656482,0.0,46118.9,31279.69,14839.21
1340,2024-05-24,East,Consumer,Electronics,Smartphone,2,32635.738589086828,0.2,52217.18,38072.56,14144.62
1341,2024-07-19,Central,Consumer,Furniture,Office Chair,3,18042.477828853174,0.1,48714.69,29437.74,19276.95
1342,2024-02-13,North,Corporate,Groceries,Cooking Oil 1L,1,143.63718427895816,0.05,136.46,97.18,39.28
1343,2024-11-19,South,Small Business,Furniture,Bookshelf,2,3869.4520363759575,0.1,6965.01,4034.19,2930.82
1344,2024-03-15,South,Corporate,Furniture,Study Table,4,20155.731569624262,0.1,72560.63,54181.77,18378.86
1345,2024-07-22,East,Consumer,Groceries,Cooking Oil 1L,2,122.4739887283698,0.2,195.96,116.25,79.71
1346,2024-03-09,North,Corporate,Clothing,Jacket,4,1318.4154160168025,0.0,5273.66,3439.29,1834.37
1347,2024-12-09,Central,Corporate,Electronics,Laptop,5,9356.37241711842,0.1,42103.68,24164.21,17939.47
1348,2024-10-11,North,Small Business,Furniture,Sofa,2,5515.556990861636,0.2,8824.89,5130.3,3694.59
1349,2024-04-19,North,Consumer,Electronics,Smartphone,2,48313.70151509001,0.15,82133.29,57363.43,24769.86
1350,2024-05-15,West,Consumer,Groceries,Cooking Oil 1L,3,513.1597421711015,0.05,1462.51,984.16,478.35
1351,2024-05-05,West,Corporate,Groceries,Snacks Pack,1,201.17928545068423,0.15,171.0,94.79,76.21
1352,2024-05-20,East,Consumer,Furniture,Office Chair,5,18384.341259184843,0.15,78133.45,52194.66,25938.79
1353,2024-01-28,North,Corporate,Clothing,Jeans,3,3771.33969286147,0.2,9051.22,6968.45,2082.77
1354,2024-12-07,South,Corporate,Clothing,Jacket,1,2333.2262317381264,0.0,2333.23,1650.51,682.72
1355,2024-07-19,West,Consumer,Clothing,Jacket,3,3030.016291230875,0.2,7272.04,4255.24,3016.8
1356,2024-10-19,North,Consumer,Electronics,Tablet,3,9165.677683884576,0.05,26122.18,15929.15,10193.03
1357,2024-09-28,West,Consumer,Clothing,Jacket,4,2193.968954733701,0.0,8775.88,5438.04,3337.84
1358,2024-12-11,South,Consumer,Furniture,Sofa,5,8828.512076186864,0.15,37521.18,24648.61,12872.57
1359,2024-07-13,East,Small Business,Clothing,Jeans,4,1207.0201962888464,0.0,4828.08,3132.04,1696.04
1360,2024-07-13,Central,Consumer,Clothing,T-Shirt,2,3407.941405269132,0.0,6815.88,5269.83,1546.05
1361,2024-08-18,North,Consumer,Clothing,T-Shirt,5,1424.4190231417695,0.1,6409.89,4698.4,1711.49
1362,2024-01-19,North,Consumer,Electronics,Smartphone,4,46155.33461469852,0.1,166159.2,123548.32,42610.88
1363,2024-04-29,West,Small Business,Clothing,Sneakers,2,1413.5653621345482,0.15,2403.06,1584.43,818.63
1364,2024-09-21,West,Small Business,Electronics,Laptop,4,34527.43032851601,0.05,131204.24,77414.71,53789.53
1365,2024-08-01,West,Consumer,Electronics,Smartwatch,1,5999.272366017078,0.05,5699.31,3181.15,2518.16
1366,2024-11-22,South,Consumer,Electronics,Smartwatch,1,55495.54910430818,0.0,55495.55,40734.48,14761.07
1367,2024-03-18,Central,Consumer,Clothing,Sneakers,4,1302.3193184175268,0.05,4948.81,2879.04,2069.77
1368,2024-07-13,South,,Clothing,Jeans,4,3419.9718898184356,0.0,13679.89,8284.51,5395.38
1369,2024-03-21,West,Small Business,Groceries,Tea 250g,1,280.16992035689475,0.05,266.16,191.2,74.96
1370,2024-12-23,Central,Consumer,Furniture,Bookshelf,3,10933.0431488294,0.0,32799.13,21195.26,11603.87
1371,2024-05-01,East,Consumer,Clothing,Jacket,2,2174.7727447763145,0.15,3697.11,2623.08,1074.03
1372,2024-05-30,North,Corporate,Groceries,Rice 5kg,4,350.3300258401104,0.0,1401.32,881.45,519.87
1373,2024-05-10,North,Corporate,Groceries,Tea 250g,3,467.0681424323113,0.05,1331.14,746.9,584.24
1374,2024-01-16,West,Small Business,Clothing,Jeans,3,1068.0888524207994,0.0,3204.27,2299.94,904.33
1375,2024-07-16,North,Corporate,Groceries,Rice 5kg,3,331.3357566045805,0.1,894.61,694.45,200.16
1376,2024-04-07,Central,Consumer,Clothing,Sneakers,4,3572.2812528195122,0.05,13574.67,8709.18,4865.49
1377,2024-07-14,East,Consumer,Clothing,T-Shirt,1,1232.0711089815932,0.15,1047.26,830.81,216.45
1378,2024-03-26,North,Consumer,Electronics,Laptop,3,41822.55137400444,0.05,119194.27,91491.41,27702.86
1379,2024-12-21,East,Small Business,Clothing,T-Shirt,2,2024.2044986381402,0.05,3845.99,2131.51,1714.48
1380,2024-12-09,Central,Consumer,Electronics,Tablet,1,41976.736557244374,0.0,41976.74,28366.52,13610.22
1381,2024-02-05,South,Consumer,Electronics,Smartwatch,1,12047.215689243743,0.05,11444.85,7392.58,4052.27
1382,2024-08-15,South,Corporate,Electronics,Smartwatch,3,9411.52993710627,0.0,28234.59,20154.74,8079.85
1383,2024-05-12,East,Consumer,Furniture,Sofa,1,2613.9426474976485,0.0,2613.94,1968.36,645.58
1384,2024-04-22,South,Consumer,Electronics,Tablet,2,10103.58941619509,0.0,20207.18,15292.73,4914.45
1385,2024-07-31,South,Consumer,Clothing,Jeans,1,2248.6794768849404,0.1,2023.81,1594.21,429.6
1386,2024-08-13,North,Small Business,Electronics,Headphones,3,3196.075582440322,0.0,9588.23,7237.48,2350.75
1387,2024-10-30,North,Small Business,Clothing,Sneakers,2,2956.5107772251013,0.0,5913.02,3366.86,2546.16
1388,2024-10-23,North,Consumer,Clothing,Jeans,5,2561.7023077009867,0.05,12168.09,8302.26,3865.83
1389,2024-07-23,Central,Consumer,Furniture,Bookshelf,4,21991.005267088887,0.05,83565.82,62783.44,20782.38
1390,2024-10-30,South,Consumer,Groceries,Cooking Oil 1L,4,141.41841602863246,0.1,509.11,345.41,163.7
1391,2024-10-03,Central,Corporate,Electronics,Smartphone,1,5796.514423837045,0.15,4927.04,3403.27,1523.77
1392,2024-06-07,West,Consumer,Furniture,Study Table,3,5618.767233401097,0.0,16856.3,9643.99,7212.31
1393,2024-06-02,West,Small Business,Groceries,Tea 250g,4,103.68549902633913,0.0,414.74,314.67,100.07
1394,2024-01-24,North,Small Business,Clothing,T-Shirt,3,3656.698337613818,0.05,10421.59,7099.94,3321.65
1395,2024-01-08,east,Small Business,Clothing,Sneakers,5,2479.568785837625,0.15,10538.17,6891.79,3646.38
1396,2024-12-11,Central,Small Business,Clothing,T-Shirt,5,946.8617835601826,0.0,4734.31,3500.84,1233.47
1397,2024-11-10,South,Corporate,Clothing,Jeans,4,862.1406347172399,0.05,3276.13,2183.54,1092.59
1398,2024-12-07,North,Consumer,Clothing,Sneakers,3,1873.7432569414007,0.1,5059.11,3257.03,1802.08
1399,2024-01-10,South,Corporate,Furniture,Sofa,1,16151.927042787087,0.05,15344.33,11286.11,4058.22
1400,2024-09-13,North,Small Business,Clothing,Jeans,4,3619.4177872612413,0.1,13029.9,7378.74,5651.16
1401,2024-12-21,East,Small Business,Groceries,Snacks Pack,5,91.84915424226695,0.0,459.25,302.46,156.79
1402,2024-04-20,North,Corporate,Electronics,Tablet,1,32937.632376151836,0.0,32937.63,24351.66,8585.97
1403,2024-04-22,North,Corporate,Clothing,Jacket,1,3931.7390560523627,0.0,3931.74,2434.72,1497.02
1404,2024-12-08,North,Consumer,Electronics,Headphones,1,42402.802081910515,0.05,40282.66,25733.61,14549.05
1405,2024-05-21,East,Consumer,Electronics,Smartphone,3,59333.71453194204,0.1,160201.03,88596.67,71604.36
1406,2024-12-17,South,Small Business,Furniture,Office Chair,1,14235.371148189914,0.0,14235.37,10986.65,3248.72
1407,2024-09-26,North,Small Business,Electronics,Headphones,5,16984.855096093885,0.05,80678.06,60319.08,20358.98
1408,2024-11-18,North,Consumer,Electronics,Tablet,1,14240.773500724188,0.2,11392.62,8133.07,3259.55
1409,2024-07-02,Central,Corporate,Electronics,Smartwatch,3,20180.122100123866,0.0,60540.37,45438.9,15101.47
1410,2024-10-15,East,Corporate,Clothing,Jeans,2,2750.1448851541854,0.1,4950.26,3074.92,1875.34
1411,2024-03-19,North,Consumer,Electronics,Laptop,4,19481.304073436622,0.05,74028.96,43128.62,30900.34
1412,2024-10-21,North,Consumer,Electronics,Laptop,4,56200.08548885774,0.2,179840.27,119620.46,60219.81
1413,2024-03-12,North,Small Business,Electronics,Tablet,1,5031.401845630855,0.05,4779.83,3460.39,1319.44
1414,2024-05-06,West,Small Business,Clothing,Jeans,2,1521.0967139721713,0.0,3042.19,2429.01,613.18
1415,2024-09-30,North,Consumer,Furniture,Bookshelf,4,2501.556241861099,0.1,9005.6,5801.94,3203.66
1416,2024-07-01,Central,Corporate,Groceries,Rice 5kg,5,484.9889187522739,0.1,2182.45,1535.19,647.26
1417,2024-12-13,South,Small Business,Electronics,Headphones,2,24167.573770761872,0.1,43501.63,31785.01,11716.62
1418,2024-08-29,North,Consumer,Clothing,Jeans,1,2194.9106346083636,0.1,1975.42,1392.9,582.52
1419,2024-11-04,Central,Consumer,Furniture,Study Table,3,22455.89080522819,0.2,53894.14,38572.08,15322.06
1420,2024-03-02,West,Consumer,Groceries,Cooking Oil 1L,1,246.005983961285,0.0,246.01,177.78,68.23
1421,2024-02-19,North,Small Business,Clothing,Jeans,3,2948.7298049791157,0.1,7961.57,4834.71,3126.86
1422,2024-03-10,East,Small Business,Furniture,Study Table,2,17084.525817199104,0.0,34169.05,20088.69,14080.36
1423,2024-04-19,South,Consumer,Clothing,Jacket,1,3085.9364638992165,0.1,2777.34,2051.21,726.13
1424,2024-07-20,Central,Corporate,Electronics,Smartphone,4,21908.70322501787,0.0,87634.81,54885.01,32749.8
1425,2024-02-15,North,Consumer,Furniture,Study Table,5,6232.686887696627,0.05,29605.26,21165.67,8439.59
1426,2024-11-29,East,Corporate,Groceries,Tea 250g,2,269.1708718501978,0.05,511.42,295.44,215.98
1427,2024-05-24,South,Consumer,Electronics,Tablet,5,2245.22818522708,0.1,10103.53,6631.49,3472.04
1428,2024-01-27,North,Corporate,Electronics,Headphones,5,13289.329670717183,0.0,66446.65,45446.65,21000.0
1429,2024-02-26,Central,Corporate,Clothing,Jeans,3,3537.8923738721983,0.05,10082.99,6710.52,3372.47
1430,2024-08-14,South,Consumer,Furniture,Office Chair,4,9450.599763696464,0.05,35912.28,23047.73,12864.55
1431,2024-09-26,Central,Consumer,Groceries,Cooking Oil 1L,1,141.05993329694473,0.1,126.95,84.44,42.51
1432,2024-02-18,West,Consumer,Furniture,Office Chair,4,20612.6542453301,0.05,78328.09,43811.22,34516.87
1433,2024-09-03,East,Corporate,Clothing,Jacket,3,1754.9342582737636,0.05,5001.56,3647.77,1353.79
1434,2024-03-20,West,Consumer,Furniture,Sofa,3,16235.214193398597,0.05,46270.36,32976.58,13293.78
1435,2024-04-19,East,Consumer,Clothing,T-Shirt,3,3352.10016015553,0.1,9050.67,6700.77,2349.9
1436,2024-02-10,East,Consumer,Clothing,Jacket,2,3223.7102035881976,0.0,6447.42,4384.85,2062.57
1437,2024-04-29,North,Consumer,Groceries,Snacks Pack,1,287.8658567299629,0.2,230.29,132.95,97.34
1438,2024-10-29,Central,Consumer,Furniture,Sofa,5,21661.18547845873,0.1,97475.33,57793.69,39681.64
1439,2024-12-31,South,Corporate,Groceries,Snacks Pack,4,447.6689369679376,0.1,1611.61,1202.38,409.23
1440,2024-03-19,South,Consumer,Groceries,Snacks Pack,2,572.0511364600226,0.05,1086.9,789.34,297.56
1441,2024-01-09,Central,Consumer,Clothing,Jacket,4,536.50099866508,0.1,1931.4,1383.55,547.85
1442,2024-07-06,East,Small Business,Groceries,Rice 5kg,2,108.85586993243149,0.05,206.83,117.07,89.76
1443,2024-05-07,West,Corporate,Electronics,Laptop,1,16154.333344712468,0.0,16154.33,9825.32,6329.01
1444,2024-08-27,Central,Consumer,Clothing,Jeans,1,1815.8212119740474,0.0,1815.82,1150.52,665.3
1445,2024-06-28,South,Consumer,Electronics,Headphones,2,56202.583044353436,0.15,95544.39,55697.28,39847.11
1446,2024-09-18,North,Consumer,Electronics,Tablet,1,27920.746053968574,0.0,27920.75,19424.97,8495.78
1447,2024-08-01,West,Small Business,Clothing,T-Shirt,1,3681.145511817523,0.15,3128.97,2340.93,788.04
1448,2024-02-23,West,Consumer,Clothing,T-Shirt,4,1054.7705133457143,0.0,4219.08,2797.64,1421.44
1449,2024-08-06,East,Corporate,Electronics,Tablet,5,21819.68501199101,0.05,103643.5,72660.34,30983.16
1450,2024-08-22,East,Consumer,Electronics,Headphones,2,46750.87262916303,0.05,88826.66,54457.22,34369.44
1451,2024-07-19,East,Consumer,Furniture,Bookshelf,2,2551.9067534016795,0.05,4848.62,3632.9,1215.72
1452,2024-06-15,West,Corporate,Electronics,Smartwatch,4,4092.1164092048725,0.0,16368.47,12400.28,3968.19
1453,2024-10-27,West,Consumer,Electronics,Smartphone,3,14567.229112901081,0.0,43701.69,27844.44,15857.25
1454,2024-02-02,East,Consumer,Furniture,Bookshelf,5,2859.0876007636953,0.1,12865.89,9447.58,3418.31
1455,2024-03-13,West,Consumer,Furniture,Study Table,4,24581.795829191302,0.0,98327.18,57290.92,41036.26
1456,2024-02-19,North,Consumer,Groceries,Cooking Oil 1L,4,107.61704274617392,0.05,408.94,251.79,157.15
1457,2024-01-24,West,Corporate,Clothing,T-Shirt,5,1889.2705494604138,0.15,8029.4,4726.45,3302.95
1458,2024-04-05,North,Consumer,Groceries,Snacks Pack,5,124.1654993852981,0.0,620.83,399.03,221.8
1459,2024-01-16,South,Small Business,Electronics,Headphones,2,21210.299301715902,0.0,42420.6,33254.84,9165.76
1460,2024-11-04,Central,Consumer,Groceries,Rice 5kg,2,96.2937401081121,0.0,192.59,153.13,39.46
1461,2024-04-03,South,Corporate,Groceries,Rice 5kg,2,195.6012227994274,0.0,391.2,285.47,105.73
1462,2024-04-17,South,Small Business,Groceries,Tea 250g,1,509.23574035068964,0.1,458.31,351.77,106.54
1463,2024-03-26,Central,Consumer,Groceries,Rice 5kg,3,342.5899899477504,0.0,1027.77,696.88,330.89
1464,2024-10-05,South,Consumer,Groceries,Tea 250g,1,547.7372849799248,0.2,438.19,265.73,172.46
1465,2024-10-29,Central,Consumer,Clothing,T-Shirt,1,3485.0878071842794,0.0,3485.09,2779.29,705.8
1466,2024-01-14,Central,Small Business,Electronics,Headphones,2,59611.9988016022,0.05,113262.8,62511.19,50751.61
1467,2024-02-23,East,Consumer,Clothing,Jeans,1,1943.5414277326142,0.15,1652.01,1310.17,341.84
1468,2024-11-02,West,Consumer,Furniture,Bookshelf,3,2815.800462858331,0.1,7602.66,4667.09,2935.57
1469,2024-07-26,South,Consumer,Clothing,Jeans,4,3010.0245680103235,0.2,9632.08,6343.94,3288.14
1470,2024-01-26,North,Small Business,Electronics,Headphones,4,17969.799846253318,0.0,71879.2,44345.0,27534.2
1471,2024-04-10,South,Small Business,Clothing,Jeans,2,675.0159404631005,0.0,1350.03,784.71,565.32
1472,2024-07-09,North,Small Business,Electronics,Tablet,4,50460.952460026434,0.0,201843.81,141054.49,60789.32
1473,2024-12-04,South,Small Business,Clothing,Jacket,4,948.1744684202711,0.05,3603.06,2086.67,1516.39
1474,2024-01-30,Central,Corporate,Clothing,T-Shirt,4,567.2157422287416,0.05,2155.42,1218.41,937.01
1475,2024-11-13,North,Consumer,Clothing,Sneakers,4,1469.4770480673017,0.15,4996.22,2765.52,2230.7
1476,2024-08-20,West,Corporate,Groceries,Tea 250g,3,460.5049711357946,0.0,1381.51,1096.21,285.3
1477,2024-11-25,East,Consumer,Furniture,Study Table,3,4585.308359392822,0.2,11004.74,7369.6,3635.14
1478,2024-08-01,North,Consumer,Electronics,Headphones,4,58030.50587763015,0.05,220515.92,145520.79,74995.13
1479,2024-12-31,South,Consumer,Electronics,Tablet,3,39375.36412624788,0.15,100407.18,67178.25,33228.93
1480,2024-09-09,South,Corporate,Groceries,Cooking Oil 1L,4,503.0514340737934,0.0,2012.21,1396.16,616.05
1481,2024-03-26,North,Consumer,Furniture,Bookshelf,4,2806.6394280062477,0.1,10103.9,6345.83,3758.07
1482,2024-02-12,North,Corporate,Groceries,Snacks Pack,2,422.16781561623577,0.05,802.12,583.56,218.56
1483,2024-09-12,East,Corporate,Electronics,Headphones,2,46551.5316554717,0.1,83792.76,51606.32,32186.44
1484,2024-02-26,North,Small Business,Electronics,Headphones,4,15816.966918246362,0.0,63267.87,42783.17,20484.7
1485,2024-07-27,Central,Corporate,Groceries,Rice 5kg,2,574.1908772221344,0.2,918.71,524.49,394.22
1486,2024-12-24,West,Corporate,Groceries,Cooking Oil 1L,4,438.45884772145405,0.05,1666.14,1222.3,443.84
1487,2024-01-05,North,Consumer,Clothing,Jacket,3,1748.7806782454813,0.1,4721.71,2651.15,2070.56
1488,2024-03-22,South,Corporate,Electronics,Tablet,3,4521.045137531263,0.1,12206.82,7673.69,4533.13
1489,2024-04-21,West,Corporate,Clothing,Sneakers,5,3840.922275427748,0.0,19204.61,12394.31,6810.3
1490,2024-08-17,East,Corporate,Clothing,T-Shirt,5,2284.1397308954956,0.1,10278.63,7985.57,2293.06
1491,2024-06-16,Central,Corporate,Clothing,Jacket,1,2641.327232593084,0.0,2641.33,1992.28,649.05
1492,2024-02-01,West,Consumer,Clothing,Sneakers,2,3670.1771705365504,0.0,7340.35,5324.54,2015.81
1493,2024-02-04,North,Corporate,Furniture,Study Table,1,4596.937793754147,0.1,4137.24,3221.39,915.85
1494,2024-01-26,Central,Consumer,Electronics,Headphones,1,44148.70099348103,0.0,44148.7,27455.76,16692.94
1495,2024-04-19,East,Consumer,Groceries,Rice 5kg,4,356.89577319139886,0.2,1142.07,812.83,329.24
1496,2024-02-22,South,Consumer,Groceries,Tea 250g,4,391.6239478695718,0.0,1566.5,1247.52,318.98
1497,2024-03-05,West,Consumer,Furniture,Office Chair,4,19376.478580026105,0.2,62004.73,40408.52,21596.21
1498,2024-06-25,North,Consumer,Electronics,Smartwatch,2,23417.205861715767,0.0,46834.41,27860.56,18973.85
1499,2024-11-12,East,Consumer,Electronics,Smartwatch,5,6664.526167217611,0.0,33322.63,21901.26,11421.37
1500,2024-06-28,Central,Consumer,Electronics,Smartwatch,3,13524.000535685958,0.05,38543.4,22516.81,16026.59
1501,2024-06-30,North,Consumer,Groceries,Cooking Oil 1L,4,275.8219143229164,0.0,1103.29,700.06,403.23
1502,2024-07-02,Central,Consumer,Electronics,Laptop,2,36044.823815421805,0.1,64880.68,44831.32,20049.36
1503,2024-06-08,East,Corporate,Furniture,Office Chair,2,17408.83116307084,0.0,34817.66,26917.28,7900.38
1504,2024-09-13,East,Consumer,Electronics,Headphones,4,36422.176780463386,0.05,138404.27,94596.28,43807.99
1505,2024-06-13,West,Corporate,Groceries,Cooking Oil 1L,4,430.9175586682981,0.2,1378.94,1043.4,335.54
1506,2024-08-17,East,Consumer,Groceries,Tea 250g,3,445.19331113351996,0.2,1068.46,767.9,300.56
1507,2024-08-16,East,Consumer,Clothing,Sneakers,3,2910.489040601574,0.15,7421.75,5160.46,2261.29
1508,2024-07-17,West,Consumer,Clothing,Sneakers,3,3336.238375745392,0.05,9508.28,7349.11,2159.17
1509,2024-02-07,South,Consumer,Furniture,Bookshelf,2,11930.653378566833,0.0,23861.31,16135.03,7726.28
1510,2024-04-04,South,Consumer,Electronics,Tablet,2,35467.779321057096,0.15,60295.22,37715.4,22579.82
1511,2024-06-21,Central,Consumer,Clothing,Sneakers,2,3728.179690709051,0.0,7456.36,5740.96,1715.4
1512,2024-07-16,East,Corporate,Furniture,Bookshelf,5,18552.860709043154,0.0,92764.3,57387.98,35376.32
1513,2024-09-28,Central,Consumer,Furniture,Study Table,5,4495.068924027561,0.1,20227.81,15211.81,5016.0
1514,2024-11-22,South,Consumer,Groceries,Snacks Pack,2,283.28298403204656,0.1,509.91,350.07,159.84
1515,2024-03-27,Central,Small Business,Clothing,Jeans,1,975.2280236088535,0.1,877.71,684.06,193.65
1516,2024-05-29,North,Consumer,Clothing,Jeans,1,775.6061903286966,0.2,620.48,422.53,197.95
1517,2024-10-20,South,Small Business,Clothing,Jacket,3,1196.9268141710327,0.1,3231.7,2464.59,767.11
1518,2024-08-28,South,Consumer,Electronics,Laptop,1,23398.718183171477,0.1,21058.85,16593.36,4465.49
1519,2024-02-04,North,Consumer,Groceries,Snacks Pack,2,402.75175057391624,0.0,805.5,452.03,353.47
1520,2024-11-10,East,Consumer,Electronics,Laptop,1,38408.26020541206,0.05,36487.85,25341.68,11146.17
1521,2024-08-20,West,Consumer,Electronics,Smartphone,3,42297.1723517991,0.0,126891.52,80887.28,46004.24
1522,2024-02-07,North,Corporate,Clothing,T-Shirt,2,923.9423127615266,0.0,1847.88,1199.1,648.78
1523,2024-11-05,North,Consumer,Clothing,T-Shirt,2,1443.8499584936324,0.1,2598.93,1816.78,782.15
1524,2024-09-28,West,Consumer,Groceries,Tea 250g,5,325.75456401378585,0.15,1384.46,938.47,445.99
1525,2024-08-14,East,Consumer,Clothing,Sneakers,3,3407.5406605643743,0.05,9711.49,6842.6,2868.89
1526,2024-01-17,West,Corporate,Furniture,Bookshelf,2,20059.965127880136,0.0,40119.93,22355.48,17764.45
1527,2024-08-31,West,Corporate,Furniture,Office Chair,3,3940.987171114395,0.05,11231.81,7706.95,3524.86
1528,2024-12-27,South,Consumer,Furniture,Bookshelf,2,9845.81319242923,0.15,16737.88,10414.91,6322.97
1529,2024-05-10,West,Consumer,Electronics,Headphones,4,35242.19794708832,0.05,133920.35,90473.3,43447.05
1530,2024-12-20,West,Corporate,Electronics,Laptop,3,55717.36092294412,0.0,167152.08,107571.26,59580.82
1531,2024-01-05,West,Corporate,Clothing,T-Shirt,1,3278.2450142635303,0.05,3114.33,1753.82,1360.51
1532,2024-09-09,North,Small Business,Electronics,Laptop,3,33410.24261518456,0.0,100230.73,57456.71,42774.02
1533,2024-09-24,East,Consumer,Electronics,Headphones,3,52674.12470644515,0.0,158022.37,105612.44,52409.93
1534,2024-04-18,Central,Small Business,Clothing,Jacket,5,3094.965974387775,0.05,14701.09,11038.93,3662.16
1535,2024-09-13,Central,Consumer,Electronics,Smartwatch,1,35293.64645864038,0.1,31764.28,21831.75,9932.53
1536,2024-06-28,East,Small Business,Furniture,Bookshelf,2,11207.150682315598,0.05,21293.59,14342.91,6950.68
1537,2024-06-11,Central,Corporate,Clothing,Jacket,2,2860.5878215531066,0.0,5721.18,4004.06,1717.12
1538,2024-07-27,South,Small Business,Electronics,Smartwatch,5,42447.62564375948,0.15,180402.41,114655.94,65746.47
1539,2024-02-27,East,Consumer,Electronics,Smartphone,1,54492.842981862836,0.05,51768.2,35037.83,16730.37
1540,2024-08-03,Central,Corporate,Clothing,T-Shirt,2,684.9350354190194,0.0,1369.87,941.78,428.09
1541,2024-05-11,East,Small Business,Clothing,Sneakers,1,736.9208754607214,0.15,626.38,486.43,139.95
1542,2024-01-14,South,Corporate,Groceries,Rice 5kg,1,536.6163006443517,0.0,536.62,415.49,121.13
1543,2024-01-14,North,Corporate,Electronics,Headphones,1,53707.30349213911,0.0,53707.3,33144.84,20562.46
1544,2024-02-27,North,Consumer,Furniture,Sofa,4,6915.586514906401,0.0,27662.35,21113.57,6548.78
1545,2024-02-27,West,Consumer,Clothing,Sneakers,3,3778.2617137934444,0.1,10201.31,7117.96,3083.35
1546,2024-10-08,West,Small Business,Clothing,T-Shirt,1,3267.593043164753,0.1,2940.83,2104.04,836.79
1547,2024-07-18,Central,Small Business,Electronics,Headphones,5,35781.101050016616,0.0,178905.51,101181.09,77724.42
1548,2024-05-31,Central,Small Business,Groceries,Snacks Pack,2,76.96718550112462,0.15,130.84,97.01,33.83
1549,2024-04-28,East,Consumer,Electronics,Laptop,2,28895.955220090058,0.0,57791.91,32699.01,25092.9
1550,2024-10-18,East,Consumer,Clothing,Jeans,2,1750.1486601816466,0.0,3500.3,2691.36,808.94
1551,2024-10-05,West,Consumer,Clothing,Jacket,1,832.6895492039392,0.2,666.15,470.79,195.36
1552,2024-09-27,Central,Corporate,Clothing,Sneakers,3,1127.5035339187798,0.05,3213.39,2328.23,885.16
1553,2024-08-23,Central,Consumer,Clothing,Jacket,3,2638.2158151119747,0.0,7914.65,5939.84,1974.81
1554,2024-08-06,Central,Consumer,Clothing,Sneakers,2,1647.9174879059035,0.0,3295.83,1944.88,1350.95
1555,2024-12-23,West,Consumer,Electronics,Tablet,3,17956.662522538438,0.0,53869.99,30064.42,23805.57
1556,2024-08-29,South,Corporate,Electronics,Smartwatch,4,9500.168881383172,0.15,32300.57,21305.53,10995.04
1557,2024-07-03,South,Corporate,Furniture,Office Chair,2,4224.062867565757,0.1,7603.31,4870.7,2732.61
1558,2024-09-29,West,Consumer,Clothing,Jacket,2,1597.3459038254828,0.15,2715.49,2038.4,677.09
1559,2024-12-15,South,Small Business,Clothing,Jeans,2,2140.625468479595,0.05,4067.19,2966.63,1100.56
1560,2024-05-29,South,Consumer,Groceries,Rice 5kg,1,365.32804220666276,0.0,365.33,223.87,141.46
1561,2024-01-30,North,Consumer,Electronics,Smartphone,1,13421.939365045419,0.0,13421.94,10704.29,2717.65
1562,2024-04-30,West,Corporate,Clothing,T-Shirt,1,438.04073946572805,0.2,350.43,258.24,92.19
1563,2024-03-02,East,Corporate,Groceries,Cooking Oil 1L,5,128.85661908753175,0.05,612.07,383.2,228.87
1564,2024-10-30,North,Small Business,Furniture,Bookshelf,4,19947.779695378613,0.15,67822.45,38057.19,29765.26
1565,2024-03-27,West,Consumer,Groceries,Snacks Pack,4,397.19974115263756,0.15,1350.48,1029.61,320.87
1566,2024-12-15,West,Corporate,Clothing,Jacket,4,3029.915275619304,0.0,12119.66,8162.55,3957.11
1567,2024-11-12,North,Corporate,Furniture,Study Table,5,8686.211685800788,0.0,43431.06,34682.95,8748.11
1568,2024-11-26,East,Consumer,Electronics,Smartphone,1,20848.239898608965,0.0,20848.24,16361.74,4486.5
1569,2024-01-21,North,Consumer,Clothing,Jeans,4,3850.794428618301,0.1,13862.86,10164.71,3698.15
1570,2024-02-09,West,Small Business,Electronics,Laptop,1,47507.02215687376,0.05,45131.67,31976.21,13155.46
1571,2024-12-23,North,Consumer,Clothing,Jeans,1,1374.9957052238533,0.2,1100.0,712.45,387.55
1572,2024-02-20,Central,Small Business,Furniture,Sofa,2,19519.580495189322,0.1,35135.24,21269.57,13865.67
1573,2024-02-26,East,Consumer,Electronics,Smartwatch,5,59519.50178434389,0.0,297597.51,185471.01,112126.5
1574,2024-08-04,South,Consumer,Electronics,Tablet,4,47744.740298629644,0.1,171881.07,135680.45,36200.62
1575,2024-02-27,Central,Small Business,Furniture,Office Chair,3,10681.287574089407,0.0,32043.86,17640.2,14403.66
1576,2024-02-24,South,Consumer,Groceries,Cooking Oil 1L,5,378.00890798630115,0.0,1890.04,1308.05,581.99
1577,2024-04-05,South,Consumer,Clothing,Jacket,3,2930.6174482432116,0.0,8791.85,5095.09,3696.76
1578,2024-12-15,South,Consumer,Clothing,Jeans,2,1211.418019540587,0.0,2422.84,1755.72,667.12
1579,2024-08-01,South,Consumer,Furniture,Office Chair,5,9708.522280313375,0.0,48542.61,38462.74,10079.87
1580,2024-03-08,north,Small Business,Groceries,Cooking Oil 1L,1,147.4723108185583,0.0,147.47,117.58,29.89
1581,2024-10-24,West,Consumer,Electronics,Laptop,5,23277.810100410617,0.1,104750.15,77237.08,27513.07
1582,2024-12-05,West,Consumer,Furniture,Office Chair,2,13543.658149261288,0.1,24378.58,14867.93,9510.65
1583,2024-12-05,Central,Corporate,Furniture,Sofa,5,20751.23510387486,0.05,98568.37,55742.14,42826.23
1584,2024-10-04,Central,Consumer,Electronics,Smartphone,4,48056.21054860083,0.1,173002.36,113034.94,59967.42
1585,2024-05-14,North,Corporate,Clothing,Jacket,3,1786.4502553092,0.0,5359.35,3979.87,1379.48
1586,2024-12-25,North,Consumer,Groceries,Snacks Pack,5,241.63245628400117,0.2,966.53,580.07,386.46
1587,2024-12-27,Central,Consumer,Groceries,Snacks Pack,1,431.9119988813477,0.1,388.72,271.75,116.97
1588,2024-08-26,North,Corporate,Furniture,Sofa,3,6162.530284937889,0.0,18487.59,11985.4,6502.19
1589,2024-08-09,North,Consumer,Electronics,Laptop,5,20088.232526065465,0.2,80352.93,57272.58,23080.35
1590,2024-04-12,South,Consumer,Electronics,Smartwatch,5,50382.25076881844,0.2,201529.0,123042.13,78486.87
1591,2024-11-22,North,Consumer,Clothing,Jeans,1,3272.7156856174693,0.0,3272.72,2416.59,856.13
1592,2024-12-07,West,,Groceries,Rice 5kg,4,170.97333475386267,0.1,615.5,454.45,161.05
1593,2024-07-07,South,Corporate,Electronics,Laptop,5,9941.398033103847,0.0,49706.99,32158.14,17548.85
1594,2024-07-07,East,Consumer,Clothing,Sneakers,4,894.6957993752853,0.2,2863.03,1840.35,1022.68
1595,2024-04-07,North,Corporate,Electronics,Smartphone,3,45786.43383106031,0.0,137359.3,92085.3,45274.0
1596,2024-07-27,East,Small Business,Furniture,Study Table,2,22619.161270777422,0.1,40714.49,29377.5,11336.99
1597,2024-11-06,North,Consumer,Furniture,Study Table,2,14438.67762835574,0.2,23101.88,13838.84,9263.04
1598,2024-09-09,South,Consumer,Groceries,Cooking Oil 1L,3,385.2038723059204,0.2,924.49,583.73,340.76
1599,2024-06-22,Central,Consumer,Groceries,Cooking Oil 1L,2,161.37447728225226,0.15,274.34,198.24,76.1
1600,2024-08-01,North,Small Business,Electronics,Laptop,1,10198.036952866758,0.15,8668.33,6786.45,1881.88
1601,2024-01-03,West,Consumer,Groceries,Tea 250g,3,399.2027242757039,0.2,958.09,584.57,373.52
1602,2024-11-29,North,Corporate,Electronics,Smartphone,2,35556.54697175466,0.0,71113.09,46237.95,24875.14
1603,2024-06-26,West,Corporate,Electronics,Tablet,4,25305.696016186233,0.1,91100.51,51199.06,39901.45
1604,2024-12-19,South,Consumer,Electronics,Smartwatch,4,57391.58410362322,0.05,218088.02,169359.84,48728.18
1605,2024-01-15,North,Small Business,Groceries,Rice 5kg,3,359.1429756611068,0.0,1077.43,724.73,352.7
1606,2024-08-06,Central,Consumer,Clothing,T-Shirt,5,788.1652258670092,0.2,3152.66,1932.33,1220.33
1607,2024-02-26,east,Consumer,Furniture,Bookshelf,4,23680.861369032278,0.15,80514.93,60063.35,20451.58
1608,2024-01-01,West,Consumer,Clothing,Jacket,2,3235.3641272619197,0.1,5823.66,4613.71,1209.95
1609,2024-07-31,East,Small Business,Clothing,Jeans,3,3524.0528371062064,0.2,8457.73,6495.52,1962.21
1610,2024-09-17,Central,Consumer,Electronics,Smartwatch,4,47272.70545568418,0.1,170181.74,107523.26,62658.48
1611,2024-02-27,Central,Consumer,Clothing,T-Shirt,3,2038.005826700701,0.05,5808.32,3260.4,2547.92
1612,2024-03-21,North,Consumer,Furniture,Office Chair,4,21100.570579875315,0.0,84402.28,47115.75,37286.53
1613,2024-02-08,Central,Small Business,Clothing,Jeans,2,3826.2391924879335,0.15,6504.61,4791.14,1713.47
1614,2024-08-02,North,Corporate,Furniture,Sofa,2,12400.326403789488,0.0,24800.65,17206.41,7594.24
1615,2024-02-13,Central,Small Business,Electronics,Tablet,3,4188.794375149953,0.0,12566.38,7661.53,4904.85
1616,2024-10-07,North,Consumer,Clothing,Jeans,3,691.8696981302755,0.2,1660.49,953.31,707.18
1617,2024-07-30,North,Consumer,Groceries,Cooking Oil 1L,2,424.3842278443172,0.1,763.89,556.19,207.7
1618,2024-11-21,Central,Corporate,Electronics,Smartwatch,2,29915.869362085974,0.0,59831.74,41750.36,18081.38
1619,2024-09-09,West,Small Business,Groceries,Tea 250g,4,59.743200229933095,0.05,227.02,181.54,45.48
1620,2024-08-19,Central,Consumer,Groceries,Rice 5kg,3,476.008137453023,0.2,1142.42,838.46,303.96
1621,2024-07-25,Central,Consumer,Electronics,Headphones,4,59388.66279250238,0.0,237554.65,151018.8,86535.85
1622,2024-08-27,South,Consumer,Electronics,Laptop,5,19464.32116537546,0.0,97321.61,57036.58,40285.03
1623,2024-06-23,West,Consumer,Clothing,T-Shirt,4,1845.2337530935795,0.1,6642.84,4402.86,2239.98
1624,2024-06-14,North,Consumer,Electronics,Smartwatch,4,12797.686155428584,0.1,46071.67,28450.95,17620.72
1625,2024-06-29,West,Small Business,Clothing,Sneakers,4,2603.214030393204,0.1,9371.57,7060.11,2311.46
1626,2024-12-25,West,Corporate,Electronics,Smartphone,5,2685.807031873577,0.0,13429.04,8860.16,4568.88
1627,2024-12-09,Central,Corporate,Clothing,Sneakers,3,1676.0618330651916,0.05,4776.78,3139.63,1637.15
1628,2024-04-13,West,Consumer,Electronics,Tablet,5,51389.11085162244,0.2,205556.44,119613.41,85943.03
1629,2024-09-07,West,Corporate,Electronics,Laptop,2,20135.94124037039,0.2,32217.51,21413.6,10803.91
1630,2024-03-02,Central,Consumer,Electronics,Smartphone,3,48821.1938212519,0.1,131817.22,76555.75,55261.47
1631,2024-06-17,West,Small Business,Furniture,Sofa,3,7402.844006018488,0.1,19987.68,11859.5,8128.18
1632,2024-10-30,South,Consumer,Groceries,Snacks Pack,3,309.40370340594797,0.0,928.21,522.97,405.24
1633,2024-10-11,Central,Consumer,Furniture,Study Table,3,24227.644286505765,0.05,69048.79,44086.4,24962.39
1634,2024-03-26,North,Consumer,Furniture,Sofa,1,23224.974185762545,0.05,22063.73,15156.21,6907.52
1635,2024-08-24,South,Consumer,Groceries,Tea 250g,5,366.7659920764845,0.05,1742.14,1135.12,607.02
1636,2024-12-23,South,Small Business,Electronics,Headphones,4,1956.7914105523264,0.05,7435.81,4869.04,2566.77
1637,2024-10-10,East,Consumer,Electronics,Headphones,4,20101.598892627357,0.1,72365.76,44447.4,27918.36
1638,2024-06-05,North,Corporate,Clothing,Jeans,4,1786.5066507216864,0.1,6431.42,4955.58,1475.84
1639,2024-10-03,East,Consumer,Electronics,Tablet,4,8542.257182909798,0.2,27335.22,15761.24,11573.98
1640,2024-04-25,South,Small Business,Electronics,Headphones,1,55161.79240197079,0.1,49645.61,31868.63,17776.98
1641,2024-10-29,South,Consumer,Clothing,Jacket,2,3351.0587473344913,0.0,6702.12,5094.75,1607.37
1642,2024-11-20,West,Small Business,Clothing,T-Shirt,4,1054.291297680737,0.0,4217.17,2642.77,1574.4
1643,2024-01-02,Central,Consumer,Furniture,Office Chair,4,15827.549526272358,0.15,53813.67,39758.03,14055.64
1644,2024-03-27,Central,Consumer,Electronics,Smartwatch,4,3322.9976622294434,0.05,12627.39,7190.5,5436.89
1645,2024-06-03,West,Consumer,Electronics,Smartwatch,1,3597.950309597525,0.0,3597.95,2373.51,1224.44
1646,2024-02-08,South,Consumer,Clothing,Sneakers,3,949.5095113342122,0.0,2848.53,1630.64,1217.89
1647,2024-07-20,East,Consumer,Furniture,Office Chair,5,18021.94690929867,0.1,81098.76,61260.78,19837.98
1648,2024-05-03,Central,Corporate,Clothing,T-Shirt,2,1631.4764654958547,0.0,3262.95,2198.1,1064.85
1649,2024-04-03,East,Consumer,Clothing,Jeans,4,3601.44407945904,0.0,14405.78,8269.32,6136.46
1650,2024-02-24,Central,Small Business,Electronics,Smartphone,3,53385.6348879884,0.1,144141.21,103286.66,40854.55
1651,2024-01-22,North,Corporate,Electronics,Smartphone,1,29745.841731999062,0.1,26771.26,17126.1,9645.16
1652,2024-03-19,South,Corporate,Groceries,Rice 5kg,4,364.9042565026043,0.1,1313.66,1014.5,299.16
1653,2024-07-14,south,Consumer,Furniture,Office Chair,5,21991.205871551738,0.1,98960.43,74071.77,24888.66
1654,2024-10-04,North,Small Business,Furniture,Sofa,2,21983.169872136972,0.0,43966.34,34286.01,9680.33
1655,2024-04-04,North,Consumer,Groceries,Rice 5kg,3,297.8284210069799,0.0,893.49,662.99,230.5
1656,2024-02-25,Central,Corporate,Furniture,Office Chair,5,24733.586971326917,0.2,98934.35,61224.92,37709.43
1657,2024-02-05,East,Corporate,Electronics,Laptop,1,3940.900381929942,0.05,3743.86,2208.37,1535.49
1658,2024-02-17,South,Consumer,Clothing,Jacket,3,3304.414164469282,0.1,8921.92,6726.27,2195.65
1659,2024-09-30,Central,Corporate,Groceries,Cooking Oil 1L,5,157.1422438861615,0.05,746.43,545.58,200.85
1660,2024-11-16,East,Consumer,Furniture,Study Table,3,5418.418342037397,0.0,16255.26,10197.36,6057.9
1661,2024-01-29,Central,Consumer,Clothing,T-Shirt,5,1548.876075941418,0.2,6195.5,3880.34,2315.16
1662,2024-06-25,North,Corporate,Electronics,Tablet,5,52945.670734893116,0.15,225019.1,167821.25,57197.85
1663,2024-08-24,West,Small Business,Clothing,T-Shirt,4,2896.824841493692,0.1,10428.57,7215.95,3212.62
1664,2024-06-22,West,Corporate,Furniture,Bookshelf,1,20318.8014415998,0.2,16255.04,11375.43,4879.61
1665,2024-02-08,East,Corporate,Clothing,T-Shirt,3,991.8374986309377,0.05,2826.74,2097.96,728.78
1666,2024-10-10,East,Consumer,Clothing,Sneakers,3,3349.731344563691,0.15,8541.81,5473.39,3068.42
1667,2024-09-11,Central,Consumer,Electronics,Headphones,5,12258.854997120266,0.0,61294.27,37206.97,24087.3
1668,2024-01-28,East,Consumer,Electronics,Tablet,5,23948.015430239477,0.1,107766.07,80123.55,27642.52
1669,2024-05-29,Central,Consumer,Clothing,T-Shirt,5,2884.0724943350147,0.0,14420.36,8530.95,5889.41
1670,2024-01-31,East,Corporate,Electronics,Smartwatch,3,2708.718318215748,0.0,8126.15,4600.4,3525.75
1671,2024-06-15,North,Small Business,Electronics,Laptop,5,40772.79431711553,0.05,193670.77,127333.3,66337.47
1672,2024-03-29,Central,Consumer,Clothing,Jeans,4,1246.7379751518329,0.2,3989.56,3051.84,937.72
1673,2024-11-18,Central,Corporate,Electronics,Tablet,2,41575.14277895424,0.1,74835.26,58981.15,15854.11
1674,2024-06-09,East,Consumer,Electronics,Tablet,4,33790.49042339911,0.0,135161.96,93038.67,42123.29
1675,2024-07-17,South,Consumer,Electronics,Tablet,3,10145.371808481588,0.0,30436.12,18586.96,11849.16
1676,2024-08-01,South,Small Business,Electronics,Smartphone,2,44737.5171617547,0.0,89475.03,70117.23,19357.8
1677,2024-12-11,North,Corporate,Clothing,Sneakers,5,1321.9854176576418,0.0,6609.93,4142.97,2466.96
1678,2024-11-08,South,Consumer,Clothing,Sneakers,3,1709.7977569661873,0.2,4103.51,2562.59,1540.92
1679,2024-02-14,East,Consumer,Groceries,Cooking Oil 1L,1,561.944209619141,0.0,561.94,351.29,210.65
1680,2024-02-09,East,Consumer,Clothing,Jeans,4,3735.5639491682587,0.0,14942.26,10100.58,4841.68
1681,2024-06-13,North,Consumer,Electronics,Tablet,5,30483.92394932227,0.2,121935.7,76819.64,45116.06
1682,2024-10-29,North,Corporate,Electronics,Headphones,2,56852.48261099107,0.1,102334.47,69539.7,32794.77
1683,2024-07-13,North,Consumer,Electronics,Smartwatch,5,32760.31908827369,0.0,163801.6,110536.73,53264.87
1684,2024-01-16,Central,Consumer,Electronics,Headphones,4,6383.352124780817,0.15,21703.4,11988.75,9714.65
1685,2024-01-24,North,Corporate,Clothing,Jacket,4,3428.3709238397914,0.05,13027.81,7437.67,5590.14
1686,2024-10-12,North,Small Business,Groceries,Tea 250g,2,470.17554167057574,0.0,940.35,657.63,282.72
1687,2024-08-05,East,Corporate,Clothing,Jacket,3,1612.9432215294848,0.0,4838.83,3587.52,1251.31
1688,2024-11-10,North,Corporate,Clothing,Jacket,1,1060.3386962048428,0.0,1060.34,821.87,238.47
1689,2024-02-03,Central,Small Business,Clothing,T-Shirt,5,2789.3677090726983,0.0,13946.84,8456.54,5490.3
1690,2024-01-20,South,Consumer,Clothing,Jacket,3,887.3753559140416,0.2,2129.7,1687.61,442.09
1691,2024-09-12,North,Corporate,Electronics,Smartphone,1,50836.62603901139,0.05,48294.79,29724.36,18570.43
1692,2024-12-28,West,Consumer,Clothing,T-Shirt,5,3258.6128736618466,0.0,16293.06,10206.53,6086.53
1693,2024-10-14,West,Small Business,Clothing,Jeans,5,1131.901495610583,0.2,4527.61,2621.3,1906.31
1694,2024-04-12,Central,Corporate,Electronics,Laptop,5,51792.677459977516,0.1,233067.05,142006.85,91060.2
1695,2024-07-30,South,Small Business,Clothing,Jacket,1,1823.0384598505952,0.1,1640.73,1250.21,390.52
1696,2024-01-19,West,Small Business,Furniture,Study Table,1,6392.284648462736,0.2,5113.83,2997.97,2115.86
1697,2024-11-27,West,Consumer,Furniture,Office Chair,1,24685.582054680814,0.05,23451.3,16508.75,6942.55
1698,2024-03-10,Central,Consumer,Electronics,Headphones,2,4257.649533784765,0.05,8089.53,5440.62,2648.91
1699,2024-04-07,East,Consumer,Furniture,Office Chair,3,7619.265515279696,0.0,22857.8,14707.47,8150.33
1700,2024-04-18,Central,Consumer,Electronics,Laptop,4,39657.00628975233,0.05,150696.62,84050.32,66646.3
1701,2024-03-17,North,Corporate,Electronics,Headphones,4,9410.87626590606,0.15,31996.98,23685.82,8311.16
1702,2024-05-18,East,Consumer,Electronics,Smartwatch,3,12552.320493748626,0.0,37656.96,21554.91,16102.05
1703,2024-07-12,East,Consumer,Electronics,Smartphone,1,7491.167702917713,0.0,7491.17,4861.02,2630.15
1704,2024-04-20,East,Corporate,Clothing,Jacket,4,2070.910473028363,0.2,6626.91,4269.58,2357.33
1705,2024-09-05,Central,Consumer,Electronics,Smartwatch,2,10975.554167196993,0.2,17560.89,10992.51,6568.38
1706,2024-11-29,South,Consumer,Clothing,Jeans,2,3377.843343968846,0.15,5742.33,3858.97,1883.36
1707,2024-03-01,West,Consumer,Furniture,Sofa,5,7146.996030677451,0.2,28587.98,21275.75,7312.23
1708,2024-08-24,East,Small Business,Clothing,Jeans,2,2350.8274040351944,0.05,4466.57,3046.65,1419.92
1709,2024-01-19,South,Small Business,Electronics,Headphones,1,51852.10278541372,0.1,46666.89,27072.92,19593.97
1710,2024-11-16,Central,Corporate,Clothing,Jacket,3,729.5862487044859,0.2,1751.01,986.65,764.36
1711,2024-08-24,East,Corporate,Electronics,Laptop,3,51387.55258294634,0.1,138746.39,88789.48,49956.91
1712,2024-06-11,West,Corporate,Groceries,Cooking Oil 1L,3,581.8804717755705,0.15,1483.8,1075.64,408.16
1713,2024-05-03,Central,Consumer,Groceries,Tea 250g,5,556.9653847647912,0.15,2367.1,1307.94,1059.16
1714,2024-11-13,North,Consumer,Electronics,Tablet,4,30958.174960043063,0.1,111449.43,70584.59,40864.84
1715,2024-12-19,Central,Consumer,Groceries,Cooking Oil 1L,1,220.1517769249711,0.15,187.13,103.11,84.02
1716,2024-10-06,East,Corporate,Furniture,Bookshelf,1,23902.301071459806,0.0,23902.3,14482.85,9419.45
1717,2024-12-09,North,Corporate,Electronics,Laptop,5,44688.2498238189,0.0,223441.25,162388.82,61052.43
1718,2024-02-23,East,Consumer,Electronics,Headphones,5,47390.99581326268,0.15,201411.73,133494.36,67917.37
1719,2024-11-08,South,Consumer,Groceries,Tea 250g,1,407.96109736029865,0.0,407.96,239.85,168.11
1720,2024-07-31,East,Consumer,Furniture,Sofa,5,12814.878786777495,0.15,54463.23,43271.03,11192.2
1721,2024-10-29,East,Consumer,Clothing,Jeans,3,2662.977733827638,0.15,6790.59,4787.76,2002.83
1722,2024-06-30,West,Small Business,Groceries,Snacks Pack,2,173.2726988130433,0.0,346.55,274.53,72.02
1723,2024-04-28,East,Consumer,Clothing,Sneakers,1,3383.7601255793747,0.05,3214.57,2019.48,1195.09
1724,2024-02-23,North,Consumer,Clothing,T-Shirt,3,1831.056705548448,0.2,4394.54,3386.15,1008.39
1725,2024-08-30,North,Small Business,Clothing,T-Shirt,3,511.71171716180356,0.1,1381.62,843.84,537.78
1726,2024-05-26,East,Consumer,Clothing,Sneakers,4,1944.125347864574,0.05,7387.68,5847.92,1539.76
1727,2024-03-28,South,Consumer,Clothing,Sneakers,1,2386.3969779240206,0.1,2147.76,1443.83,703.93
1728,2024-10-20,East,Corporate,Electronics,Headphones,2,6419.947761198954,0.0,12839.9,9540.53,3299.37
1729,2024-01-22,North,Consumer,Electronics,Tablet,1,19407.081669220588,0.0,19407.08,13923.78,5483.3
1730,2024-03-19,West,Consumer,Furniture,Sofa,4,4564.727800500081,0.15,15520.07,9493.26,6026.81
1731,2024-08-25,North,Small Business,Furniture,Bookshelf,3,14490.906449433009,0.0,43472.72,33694.75,9777.97
1732,2024-08-12,Central,Consumer,Clothing,T-Shirt,5,2620.6594645933196,0.05,12448.13,9052.83,3395.3
1733,2024-09-15,East,Consumer,Electronics,Smartphone,4,41230.591060268365,0.2,131937.89,79133.12,52804.77
1734,2024-07-18,South,Small Business,Clothing,Jacket,1,2144.3502316801687,0.05,2037.13,1535.09,502.04
1735,2024-04-13,Central,Corporate,Furniture,Study Table,5,6400.929542143071,0.0,32004.65,24953.67,7050.98
1736,2024-12-08,East,Corporate,Furniture,Office Chair,3,10233.259987872309,0.05,29164.79,20921.88,8242.91
1737,2024-09-14,West,Consumer,Electronics,Laptop,2,23385.15039494393,0.2,37416.24,21744.56,15671.68
1738,2024-06-13,South,Consumer,Furniture,Sofa,4,21545.451998454133,0.1,77563.63,59090.73,18472.9
1739,2024-06-21,South,Corporate,Furniture,Office Chair,5,19481.08573710248,0.0,97405.43,55373.74,42031.69
1740,2024-01-23,North,Consumer,Groceries,Tea 250g,5,384.3296060453351,0.05,1825.57,1059.48,766.09
1741,2024-08-23,West,Corporate,Electronics,Tablet,5,12847.84240820132,0.0,64239.21,35364.98,28874.23
1742,2024-04-04,East,Corporate,Groceries,Snacks Pack,4,361.1947488023958,0.0,1444.78,1137.14,307.64
1743,2024-10-26,East,Consumer,Clothing,Jacket,5,1126.8258020784035,0.0,5634.13,3308.0,2326.13
1744,2024-09-09,South,Small Business,Electronics,Laptop,3,59710.527566587836,0.0,179131.58,102728.37,76403.21
1745,2024-10-16,West,Consumer,Clothing,T-Shirt,3,1711.004306377766,0.2,4106.41,2758.45,1347.96
1746,2024-09-24,West,Consumer,Furniture,Bookshelf,2,13647.12420700656,0.0,27294.25,21286.88,6007.37
1747,2024-04-01,South,Small Business,Clothing,Jeans,2,3276.2650909250965,0.0,6552.53,4072.08,2480.45
1748,2024-03-20,East,Consumer,Electronics,Smartwatch,4,25347.358547533764,0.05,96319.96,59886.94,36433.02
1749,2024-01-28,West,Consumer,Furniture,Bookshelf,2,10825.453038507514,0.0,21650.91,15931.75,5719.16
1750,2024-09-26,West,Consumer,Clothing,T-Shirt,1,3420.6468715036585,0.2,2736.52,1809.71,926.81
1751,2024-05-07,East,Consumer,Groceries,Cooking Oil 1L,4,334.2228989292312,0.0,1336.89,752.33,584.56
1752,2024-02-28,South,Small Business,Groceries,Cooking Oil 1L,2,154.07942102209853,0.2,246.53,169.45,77.08
1753,2024-12-08,South,Consumer,Clothing,T-Shirt,3,1467.478193408126,0.0,4402.43,3163.8,1238.63
1754,2024-07-21,North,Consumer,Electronics,Laptop,1,48423.81215902966,0.2,38739.05,21778.56,16960.49
1755,2024-06-24,West,Corporate,Clothing,Jacket,3,2000.491250854235,0.15,5101.25,3296.15,1805.1
1756,2024-08-06,Central,Corporate,Furniture,Sofa,5,15196.117578525489,0.05,72181.56,52904.02,19277.54
1757,2024-01-31,Central,Small Business,Groceries,Snacks Pack,4,361.4167344735663,0.0,1445.67,1107.88,337.79
1758,2024-02-04,East,Small Business,Electronics,Smartwatch,5,26185.208765611387,0.05,124379.74,93644.04,30735.7
1759,2024-11-05,North,Consumer,Clothing,T-Shirt,2,1142.1934406723456,0.15,1941.73,1437.36,504.37
1760,2024-12-19,East,Consumer,Electronics,Smartphone,4,36489.89589432884,0.05,138661.6,101447.29,37214.31
1761,2024-10-28,West,Consumer,Furniture,Study Table,3,20241.63066386291,0.1,54652.4,43648.88,11003.52
1762,2024-01-23,West,Corporate,Groceries,Tea 250g,5,127.0374030231258,0.0,635.19,406.06,229.13
1763,2024-08-09,North,Consumer,Groceries,Snacks Pack,4,338.06488946091724,0.0,1352.26,868.29,483.97
1764,2024-04-16,West,Consumer,Electronics,Laptop,5,58428.18621915344,0.05,277533.88,181544.24,95989.64
1765,2024-10-09,East,Small Business,Electronics,Smartwatch,4,36553.029824734826,0.15,124280.3,96430.05,27850.25
1766,2024-06-06,Central,Small Business,Clothing,Jacket,1,3825.05985655657,0.05,3633.81,2297.73,1336.08
1767,2024-11-22,North,Small Business,Groceries,Rice 5kg,5,579.5979826772419,0.15,2463.29,1721.5,741.79
1768,2024-12-12,North,Consumer,Groceries,Rice 5kg,2,504.047380329045,0.2,806.48,644.41,162.07
1769,2024-10-11,West,Consumer,Furniture,Bookshelf,5,23741.813633559846,0.05,112773.61,63816.43,48957.18
1770,2024-07-27,North,Small Business,Electronics,Smartwatch,5,38864.56903312816,0.0,194322.85,136387.23,57935.62
1771,2024-10-09,South,Consumer,Groceries,Rice 5kg,5,100.18331676254651,0.0,500.92,371.42,129.5
1772,2024-08-08,West,Small Business,Electronics,Headphones,2,6657.046688759499,0.0,13314.09,8703.95,4610.14
1773,2024-10-19,West,Corporate,Electronics,Headphones,3,14441.90011385601,0.1,38993.13,26659.48,12333.65
1774,2024-09-12,Central,Consumer,Clothing,T-Shirt,2,3395.333713635199,0.15,5772.07,4448.44,1323.63
1775,2024-10-30,West,Consumer,Furniture,Office Chair,1,22506.185463891106,0.05,21380.88,15960.14,5420.74
1776,2024-05-14,West,Consumer,Clothing,Jeans,3,1274.1863590960265,0.0,3822.56,2242.69,1579.87
1777,2024-08-11,South,Consumer,Electronics,Smartphone,4,11581.652809886224,0.05,44010.28,27332.87,16677.41
1778,2024-01-12,Central,Corporate,Groceries,Tea 250g,2,475.01604126083714,0.1,855.03,648.66,206.37
1779,2024-06-17,South,Consumer,Electronics,Smartwatch,2,6518.778663329136,0.0,13037.56,10016.8,3020.76
1780,2024-05-03,Central,Consumer,Electronics,Tablet,4,35494.84851936256,0.05,134880.42,80661.78,54218.64
1781,2024-03-27,South,Consumer,Electronics,Headphones,2,6115.841446198057,0.1,11008.51,7753.36,3255.15
1782,2024-03-25,north,Corporate,Clothing,Jeans,2,1859.2658090518776,0.0,3718.53,2075.21,1643.32
1783,2024-02-18,Central,Small Business,Furniture,Office Chair,2,21933.10925266485,0.2,35092.97,20518.31,14574.66
1784,2024-12-13,West,Corporate,Electronics,Tablet,1,31406.022946361085,0.0,31406.02,20441.29,10964.73
1785,2024-09-15,South,Consumer,Electronics,Smartphone,2,59955.8963752155,0.15,101925.02,68095.05,33829.97
1786,2024-10-22,South,Corporate,Furniture,Study Table,1,11988.807588695643,0.1,10789.93,8214.51,2575.42
1787,2024-12-20,West,Corporate,Electronics,Tablet,4,2990.546864213933,0.1,10765.97,7555.18,3210.79
1788,2024-10-13,Central,Corporate,Electronics,Headphones,3,4835.526325084517,0.0,14506.58,8231.8,6274.78
1789,2024-03-12,East,Consumer,Electronics,Tablet,2,34349.8503314282,0.1,61829.73,40500.45,21329.28
1790,2024-03-02,East,Corporate,Groceries,Cooking Oil 1L,4,74.0491324852888,0.1,266.58,151.24,115.34
1791,2024-06-10,South,Consumer,Clothing,Jacket,4,2125.9186028058994,0.05,8078.49,5903.05,2175.44
1792,2024-09-16,Central,Consumer,Groceries,Rice 5kg,2,156.17130771157764,0.0,312.34,179.9,132.44
1793,2024-02-15,Central,Consumer,Electronics,Smartphone,4,31644.783101439567,0.0,126579.13,80167.84,46411.29
1794,2024-08-06,East,Consumer,Clothing,Jeans,2,3992.4322699151808,0.0,7984.86,5326.41,2658.45
1795,2024-06-08,Central,Corporate,Clothing,Sneakers,4,3626.912423491948,0.0,14507.65,8354.01,6153.64
1796,2024-11-05,South,Small Business,Electronics,Tablet,2,45129.361352811626,0.0,90258.72,53323.29,36935.43
1797,2024-01-28,East,Consumer,Furniture,Bookshelf,4,6230.797241694298,0.05,23677.03,13615.3,10061.73
1798,2024-04-16,West,Consumer,Groceries,Snacks Pack,2,528.9301188660515,0.0,1057.86,609.2,448.66
1799,2024-06-28,East,Corporate,Groceries,Snacks Pack,3,213.4321252789454,0.2,512.24,360.15,152.09
1800,2024-11-12,East,Small Business,Furniture,Study Table,2,20888.845766911592,0.0,41777.69,29255.84,12521.85
1801,2024-09-10,North,Consumer,Clothing,Sneakers,1,2826.0347362985926,0.0,2826.03,1587.36,1238.67
1802,2024-01-01,North,Consumer,Electronics,Smartwatch,4,37562.84770722832,0.05,142738.82,108324.08,34414.74
1803,2024-10-07,West,Consumer,Furniture,Office Chair,2,10593.051736694695,0.1,19067.49,12711.41,6356.08
1804,2024-03-18,Central,Consumer,Electronics,Smartwatch,4,36673.136552122334,0.0,146692.55,97780.0,48912.55
1805,2024-05-04,West,Consumer,Electronics,Smartwatch,5,49731.79020530337,0.0,248658.95,162289.73,86369.22
1806,2024-07-21,West,Small Business,Groceries,Rice 5kg,1,324.18936828051886,0.0,324.19,197.49,126.7
1807,2024-06-04,East,Consumer,Clothing,Sneakers,4,987.3045167978544,0.05,3751.76,2897.86,853.9
1808,2024-10-07,South,Corporate,Clothing,Jacket,5,1689.9926585660246,0.2,6759.97,4423.73,2336.24
1809,2024-03-25,East,Consumer,Electronics,Smartwatch,2,43314.00747220668,0.05,82296.61,45344.65,36951.96
1810,2024-09-19,Central,Consumer,Furniture,Bookshelf,2,23319.6343317625,0.0,46639.27,32519.67,14119.6
1811,2024-02-01,South,Corporate,Clothing,Jacket,1,2880.667602939462,0.1,2592.6,2008.35,584.25
1812,2024-01-12,West,Consumer,Furniture,Study Table,3,3389.2429822373206,0.0,10167.73,7174.88,2992.85
1813,2024-03-02,West,Consumer,Electronics,Tablet,1,31159.088767556663,0.0,31159.09,21876.55,9282.54
1814,2024-08-10,Central,Small Business,Furniture,Office Chair,2,17558.53939264677,0.0,35117.08,26386.84,8730.24
1815,2024-02-22,West,Small Business,Furniture,Study Table,4,17465.99124513389,0.1,62877.57,47576.9,15300.67
1816,2024-05-26,East,Consumer,Electronics,Smartwatch,3,4350.071533671252,0.0,13050.21,8722.42,4327.79
1817,2024-08-25,Central,Corporate,Clothing,Sneakers,5,3134.400172624599,0.0,15672.0,10695.6,4976.4
1818,2024-03-06,North,Consumer,Electronics,Headphones,4,36738.2087659321,0.0,146952.84,117362.62,29590.22
1819,2024-09-23,South,Consumer,Clothing,Jeans,1,2937.944698519291,0.1,2644.15,1572.88,1071.27
1820,2024-11-26,West,Consumer,Electronics,Smartphone,2,43269.74887302367,0.0,86539.5,65458.05,21081.45
1821,2024-04-08,East,Small Business,Electronics,Smartphone,1,10573.014845351505,0.15,8987.06,5360.98,3626.08
1822,2024-04-27,Central,Consumer,Electronics,Tablet,2,31554.21649838931,0.0,63108.43,40038.12,23070.31
1823,2024-07-19,East,Consumer,Electronics,Laptop,5,22725.480396522104,0.05,107946.03,64067.33,43878.7
1824,2024-03-27,North,Corporate,Electronics,Headphones,5,55331.26708637348,0.2,221325.07,136621.4,84703.67
1825,2024-10-08,East,Corporate,Clothing,T-Shirt,2,2862.8996381430056,0.05,5439.51,3375.03,2064.48
1826,2024-07-14,West,Consumer,Groceries,Snacks Pack,2,473.2493196049769,0.05,899.17,708.73,190.44
1827,2024-08-12,South,Consumer,Clothing,T-Shirt,5,3417.8783915302265,0.1,15380.45,8769.38,6611.07
1828,2024-01-26,Central,Small Business,Electronics,Smartwatch,4,17193.873621391554,0.15,58459.17,40190.52,18268.65
1829,2024-10-08,North,Small Business,Groceries,Snacks Pack,4,539.478066888425,0.1,1942.12,1211.66,730.46
1830,2024-02-28,North,Corporate,Clothing,T-Shirt,1,2861.8499492740757,0.0,2861.85,1926.5,935.35
1831,2024-08-06,North,Consumer,Groceries,Cooking Oil 1L,5,459.7011901548624,0.0,2298.51,1645.32,653.19
1832,2024-06-27,North,Corporate,Furniture,Study Table,3,7297.915579538634,0.0,21893.75,13913.4,7980.35
1833,2024-02-03,East,Small Business,Groceries,Tea 250g,1,576.3665577737382,0.1,518.73,354.14,164.59
1834,2024-06-17,North,Consumer,Furniture,Sofa,5,17309.87171132293,0.0,86549.36,49189.86,37359.5
1835,2024-05-29,East,Corporate,Groceries,Tea 250g,1,440.15786167043905,0.15,374.13,233.89,140.24
1836,2024-01-07,North,Consumer,Electronics,Headphones,4,4047.474803837458,0.1,14570.91,11275.93,3294.98
1837,2024-01-21,West,Corporate,Groceries,Rice 5kg,5,113.6941306735709,0.1,511.62,354.47,157.15
1838,2024-02-01,East,Consumer,Electronics,Laptop,4,5600.010081519876,0.1,20160.04,13168.84,6991.2
1839,2024-10-05,Central,Consumer,Clothing,T-Shirt,5,1122.4260475636104,0.05,5331.52,3598.19,1733.33
1840,2024-12-13,South,Corporate,Clothing,Jeans,3,2733.091869336533,0.2,6559.42,3924.0,2635.42
1841,2024-08-20,South,Consumer,Groceries,Snacks Pack,1,505.7032746557727,0.15,429.85,342.47,87.38
1842,2024-09-27,West,Corporate,Electronics,Laptop,1,5142.65706786475,0.2,4114.13,3253.31,860.82
1843,2024-04-02,West,Consumer,Clothing,Jacket,3,3791.6439295270143,0.0,11374.93,8621.83,2753.1
1844,2024-11-19,North,Consumer,Electronics,Headphones,1,11913.932912459286,0.15,10126.84,7232.87,2893.97
1845,2024-08-21,South,Small Business,Groceries,Cooking Oil 1L,5,80.73854753919139,0.2,322.95,247.23,75.72
1846,2024-08-06,East,Consumer,Electronics,Smartwatch,3,16040.625860479313,0.1,43309.69,28083.14,15226.55
1847,2024-02-26,South,Consumer,Clothing,Jacket,1,3959.5791305024572,0.2,3167.66,1787.53,1380.13
1848,2024-03-12,East,Consumer,Clothing,Jacket,4,3753.5415885671164,0.2,12011.33,8098.93,3912.4
1849,2024-09-05,South,Consumer,Electronics,Headphones,5,49764.27326624151,0.0,248821.37,186985.83,61835.54
1850,2024-01-27,South,Corporate,Clothing,Jeans,3,2308.541153036488,0.1,6233.06,3794.53,2438.53
1851,2024-04-25,East,Consumer,Groceries,Snacks Pack,3,478.0564013981518,0.1,1290.75,851.72,439.03
1852,2024-12-22,Central,Consumer,Clothing,Jacket,4,3632.320954991201,0.0,14529.28,10983.83,3545.45
1853,2024-11-25,Central,Consumer,Electronics,Smartwatch,5,46485.56401031978,0.2,185942.26,120074.25,65868.01
1854,2024-09-19,South,Corporate,Electronics,Smartphone,1,32256.252974572748,0.0,32256.25,19527.11,12729.14
1855,2024-02-06,West,Corporate,Clothing,T-Shirt,2,2464.9808300456916,0.15,4190.47,2851.89,1338.58
1856,2024-12-31,South,Corporate,Groceries,Cooking Oil 1L,5,272.5989212947146,0.2,1090.4,814.22,276.18
1857,2024-04-29,East,Consumer,Electronics,Tablet,2,37009.5000572229,0.0,74019.0,44765.67,29253.33
1858,2024-09-26,North,Consumer,Groceries,Snacks Pack,2,383.248159923546,0.2,613.2,387.23,225.97
1859,2024-01-31,West,Consumer,Electronics,Laptop,5,18657.7372127161,0.05,88624.25,70687.96,17936.29
1860,2024-05-25,West,Corporate,Furniture,Office Chair,1,8415.512098666815,0.1,7573.96,4409.12,3164.84
1861,2024-11-13,North,Consumer,Groceries,Snacks Pack,4,336.3156655231561,0.1,1210.74,846.17,364.57
1862,2024-10-27,East,Corporate,Clothing,Jacket,4,1625.9825611807287,0.05,6178.73,4895.91,1282.82
1863,2024-10-13,West,Consumer,Groceries,Cooking Oil 1L,2,112.0238071690342,0.0,224.05,175.93,48.12
1864,2024-08-21,North,Corporate,Groceries,Rice 5kg,4,270.690544238455,0.2,866.21,542.22,323.99
1865,2024-08-18,West,Consumer,Electronics,Laptop,3,56340.27094576542,0.05,160569.77,120026.98,40542.79
1866,2024-02-05,Central,Corporate,Furniture,Bookshelf,3,12804.294741887144,0.0,38412.88,24595.17,13817.71
1867,2024-08-22,West,Small Business,Clothing,Jeans,4,482.10757847544306,0.0,1928.43,1486.37,442.06
1868,2024-01-19,West,Consumer,Groceries,Snacks Pack,2,569.4187322555778,0.05,1081.9,625.63,456.27
1869,2024-06-04,East,Consumer,Furniture,Bookshelf,5,18587.75595226054,0.05,88291.84,58378.64,29913.2
1870,2024-05-13,South,Corporate,Groceries,Tea 250g,1,306.6511001741973,0.0,306.65,218.72,87.93
1871,2024-02-27,North,Corporate,Electronics,Laptop,3,23834.09715282648,0.0,71502.29,44372.73,27129.56
1872,2024-03-02,North,Consumer,Clothing,Sneakers,4,3718.8248892759134,0.0,14875.3,9123.02,5752.28
1873,2024-06-27,South,Corporate,Groceries,Rice 5kg,2,337.98031518258057,0.05,642.16,494.7,147.46
1874,2024-12-11,East,Consumer,Groceries,Tea 250g,4,113.7273968052622,0.0,454.91,346.39,108.52
1875,2024-08-22,East,Corporate,Clothing,T-Shirt,4,716.2822635754524,0.0,2865.13,1647.83,1217.3
1876,2024-03-20,West,Consumer,Electronics,Smartwatch,1,51455.851081331595,0.2,41164.68,26807.94,14356.74
1877,2024-11-24,West,Corporate,Electronics,Headphones,2,30075.46471162121,0.1,54135.84,32281.41,21854.43
1878,2024-01-13,Central,Consumer,Electronics,Headphones,2,59674.165483215824,0.0,119348.33,86301.13,33047.2
1879,2024-07-24,West,Consumer,Groceries,Snacks Pack,1,118.69716954494206,0.05,112.76,70.16,42.6
1880,2024-02-05,Central,,Electronics,Laptop,4,13547.99571595603,0.1,48772.78,35452.1,13320.68
1881,2024-01-01,Central,Consumer,Groceries,Tea 250g,3,483.3429721745976,0.0,1450.03,1061.36,388.67
1882,2024-01-12,South,Corporate,Clothing,T-Shirt,4,3182.103066671162,0.0,12728.41,10146.75,2581.66
1883,2024-02-25,South,Consumer,Clothing,Jacket,1,2469.8375879902824,0.05,2346.35,1370.84,975.51
1884,2024-11-18,North,Corporate,Clothing,Sneakers,1,2593.868501186697,0.05,2464.18,1958.96,505.22
1885,2024-04-27,South,Consumer,Electronics,Laptop,1,27952.117902040798,0.05,26554.51,19531.31,7023.2
1886,2024-12-10,West,Consumer,Electronics,Laptop,4,6510.212953632552,0.15,22134.72,13068.43,9066.29
1887,2024-08-03,North,Corporate,Clothing,Jeans,5,3386.868561602924,0.0,16934.34,13276.89,3657.45
1888,2024-01-09,North,Consumer,Groceries,Tea 250g,2,309.5117051146735,0.0,619.02,383.14,235.88
1889,2024-01-17,South,Small Business,Electronics,Smartphone,5,55961.915483206394,0.0,279809.58,184981.24,94828.34
1890,2024-07-06,East,Consumer,Clothing,Jeans,3,3524.1804894329302,0.0,10572.54,8138.09,2434.45
1891,2024-09-09,East,Small Business,Electronics,Smartphone,5,3863.3812962025595,0.0,19316.91,11630.07,7686.84
1892,2024-04-20,Central,Consumer,Clothing,Jeans,2,3900.275005724811,0.0,7800.55,4650.66,3149.89
1893,2024-11-15,North,Consumer,Clothing,Jacket,4,3335.2748829413167,0.0,13341.1,10165.75,3175.35
1894,2024-02-11,North,Consumer,Electronics,Smartphone,4,15825.978974403339,0.05,60138.72,37210.7,22928.02
1895,2024-03-05,West,Consumer,Clothing,T-Shirt,4,3040.097017663856,0.2,9728.31,7034.14,2694.17
1896,2024-06-01,Central,Corporate,Furniture,Sofa,5,22277.143642766277,0.05,105816.43,83753.1,22063.33
1897,2024-09-09,East,Corporate,Electronics,Headphones,3,18904.787499336588,0.05,53878.64,40471.24,13407.4
1898,2024-08-30,Central,Consumer,Furniture,Bookshelf,2,2106.298065782154,0.05,4001.97,2378.12,1623.85
1899,2024-07-05,South,Consumer,Clothing,Jacket,5,2321.325389835586,0.0,11606.63,7315.81,4290.82
1900,2024-09-27,Central,Corporate,Electronics,Tablet,2,52860.114814164466,0.15,89862.2,67765.39,22096.81
1901,2024-12-22,North,Small Business,Electronics,Tablet,4,31091.16832263565,0.0,124364.67,77568.0,46796.67
1902,2024-06-23,West,Consumer,Groceries,Cooking Oil 1L,3,501.8556352518958,0.05,1430.29,1018.82,411.47
1903,2024-05-23,West,,Electronics,Smartphone,4,12167.288143846783,0.2,38935.32,30117.38,8817.94
1904,2024-11-12,Central,Corporate,Electronics,Smartphone,5,2636.0522275475964,0.0,13180.26,7811.29,5368.97
1905,2024-07-28,North,Corporate,Clothing,Jacket,3,2823.5394758687808,0.1,7623.56,5743.7,1879.86
1906,2024-02-17,West,Corporate,Electronics,Headphones,4,47676.5008804206,0.0,190706.0,146223.54,44482.46
1907,2024-12-20,West,Corporate,Clothing,Sneakers,3,594.3014771832868,0.15,1515.47,1009.8,505.67
1908,2024-06-27,Central,Consumer,Groceries,Tea 250g,2,237.95866918380125,0.0,475.92,310.01,165.91
1909,2024-11-24,Central,Corporate,Electronics,Tablet,2,39711.240721705726,0.2,63537.99,49885.75,13652.24
1910,2024-10-29,South,Consumer,Groceries,Snacks Pack,2,175.84636699609635,0.0,351.69,238.75,112.94
1911,2024-04-23,West,Corporate,Furniture,Office Chair,4,23873.046285407374,0.0,95492.19,73543.76,21948.43
1912,2024-07-25,North,Consumer,Groceries,Cooking Oil 1L,3,118.82106853639911,0.0,356.46,279.13,77.33
1913,2024-03-20,West,Consumer,Electronics,Tablet,5,26663.819048964808,0.0,133319.1,103010.35,30308.75
1914,2024-04-03,West,Consumer,Furniture,Bookshelf,4,23115.094107273315,0.1,83214.34,62804.09,20410.25
1915,2024-09-28,Central,Consumer,Groceries,Tea 250g,4,389.9739482183428,0.0,1559.9,1134.72,425.18
1916,2024-07-17,Central,Consumer,Groceries,Snacks Pack,4,290.4757474136326,0.0,1161.9,912.73,249.17
1917,2024-12-05,Central,Consumer,Clothing,Sneakers,5,537.9059991692235,0.2,2151.62,1540.77,610.85
1918,2024-05-30,East,Consumer,Clothing,T-Shirt,3,2431.7624591995473,0.05,6930.52,4486.35,2444.17
1919,2024-05-18,Central,Consumer,Clothing,Jeans,2,3261.617498943391,0.2,5218.59,3777.77,1440.82
1920,2024-05-28,West,Consumer,Groceries,Rice 5kg,2,559.5276332210337,0.2,895.24,594.21,301.03
1921,2024-12-04,West,Consumer,Clothing,Jeans,4,3674.836918858304,0.0,14699.35,10742.4,3956.95
1922,2024-03-01,Central,Consumer,Clothing,Jeans,4,431.2449700155791,0.05,1638.73,1175.46,463.27
1923,2024-12-19,South,Consumer,Furniture,Bookshelf,4,10504.201080440702,0.0,42016.8,27879.13,14137.67
1924,2024-04-09,South,Consumer,Furniture,Bookshelf,5,22737.95406823353,0.0,113689.77,63753.93,49935.84
1925,2024-05-09,South,Consumer,Electronics,Laptop,5,43060.49478209085,0.1,193772.23,112591.51,81180.72
1926,2024-02-18,West,Corporate,Groceries,Cooking Oil 1L,5,108.91643179833531,0.15,462.89,269.46,193.43
1927,2024-05-14,South,Small Business,Electronics,Tablet,5,2366.000234880152,0.2,9464.0,6342.26,3121.74
1928,2024-06-16,South,Consumer,Clothing,T-Shirt,1,922.228009933554,0.0,922.23,631.25,290.98
1929,2024-10-26,Central,Corporate,Electronics,Smartphone,1,26889.667561671784,0.05,25545.18,15829.89,9715.29
1930,2024-11-03,North,Corporate,Furniture,Sofa,2,8379.91254973504,0.0,16759.83,9394.42,7365.41
1931,2024-03-13,South,Corporate,Electronics,Smartwatch,5,39816.11489912852,0.2,159264.46,111644.81,47619.65
1932,2024-09-29,East,Consumer,Electronics,Laptop,2,52396.317840566546,0.0,104792.64,58458.21,46334.43
1933,2024-11-18,East,Corporate,Electronics,Headphones,2,13745.704959899134,0.05,26116.84,14795.49,11321.35
1934,2024-04-21,West,Consumer,Electronics,Laptop,2,15581.626194056127,0.0,31163.25,17190.03,13973.22
1935,2024-02-29,West,Small Business,Electronics,Smartwatch,2,9550.5114913127,0.1,17190.92,13032.83,4158.09
1936,2024-07-06,South,Corporate,Groceries,Rice 5kg,3,292.2001621483389,0.0,876.6,587.39,289.21
1937,2024-09-23,West,Small Business,Groceries,Cooking Oil 1L,1,127.57800658863009,0.0,127.58,86.39,41.19
1938,2024-12-12,West,Consumer,Furniture,Sofa,5,18169.658180372753,0.05,86305.88,64974.08,21331.8
1939,2024-09-13,North,Small Business,Clothing,Jeans,5,3074.7248841602445,0.0,15373.62,10213.16,5160.46
1940,2024-03-12,South,Corporate,Electronics,Smartphone,4,35113.88060770328,0.15,119387.19,80744.82,38642.37
1941,2024-06-03,North,Corporate,Groceries,Tea 250g,4,400.226720269782,0.0,1600.91,1000.96,599.95
1942,2024-10-04,Central,Consumer,Groceries,Snacks Pack,3,126.45882902035221,0.1,341.44,195.2,146.24
1943,2024-06-10,North,Small Business,Electronics,Laptop,1,28758.053142385477,0.0,28758.05,16019.6,12738.45
1944,2024-03-22,Central,Small Business,Furniture,Bookshelf,4,10402.956394101517,0.15,35370.05,22125.47,13244.58
1945,2024-09-20,West,Consumer,Clothing,Jeans,1,867.3000111971658,0.0,867.3,534.63,332.67
1946,2024-09-30,South,Small Business,Electronics,Smartwatch,5,41851.86417577006,0.1,188333.39,140184.07,48149.32
1947,2024-01-22,North,Small Business,Furniture,Study Table,3,6258.370460007386,0.0,18775.11,12851.37,5923.74
1948,2024-11-24,East,Consumer,Electronics,Headphones,2,31399.601931085643,0.1,56519.28,40159.58,16359.7
1949,2024-05-26,West,Corporate,Clothing,Jacket,3,2194.5648173238915,0.05,6254.51,4459.36,1795.15
1950,2024-03-15,South,Consumer,Electronics,Tablet,5,13687.472163079357,0.1,61593.62,45833.44,15760.18
1951,2024-04-22,West,Small Business,Clothing,Sneakers,5,996.0560529503481,0.15,4233.24,2620.0,1613.24
1952,2024-07-28,East,Consumer,Electronics,Headphones,5,18319.931619979467,0.1,82439.69,47820.21,34619.48
1953,2024-07-24,West,Consumer,Electronics,Tablet,2,52685.75696195493,0.0,105371.51,62356.88,43014.63
1954,2024-02-22,West,Consumer,Clothing,T-Shirt,5,2767.9268740943276,0.2,11071.71,7506.62,3565.09
1955,2024-06-02,West,Consumer,Groceries,Snacks Pack,1,427.3417803441934,0.0,427.34,267.83,159.51
1956,2024-03-08,Central,Consumer,Electronics,Laptop,4,35766.98096469714,0.05,135914.53,104894.1,31020.43
1957,2024-06-08,Central,Consumer,Electronics,Tablet,2,10234.120149897155,0.05,19444.83,12304.17,7140.66
1958,2024-12-23,West,Consumer,Electronics,Smartphone,1,59903.729552408746,0.15,50918.17,28873.23,22044.94
1959,2024-12-18,East,Corporate,Electronics,Smartphone,4,45095.3774114538,0.05,171362.43,117892.86,53469.57
1960,2024-02-14,Central,Consumer,Furniture,Study Table,1,3978.3136181568207,0.15,3381.57,2563.96,817.61
1961,2024-03-27,South,Consumer,Electronics,Laptop,4,43794.0488202543,0.1,157658.58,124211.86,33446.72
1962,2024-12-30,West,Small Business,Clothing,Jeans,1,1570.8576355841572,0.0,1570.86,1005.77,565.09
1963,2024-12-30,North,Consumer,Electronics,Smartwatch,2,47747.53996761428,0.0,95495.08,75233.93,20261.15
1964,2024-01-31,North,Consumer,Electronics,Tablet,3,36566.876496997975,0.05,104215.6,78291.41,25924.19
1965,2024-12-10,South,Consumer,Electronics,Smartwatch,3,35218.689236974875,0.2,84524.85,48400.75,36124.1
1966,2024-10-22,Central,Consumer,Groceries,Rice 5kg,3,67.76605210344165,0.0,203.3,137.6,65.7
1967,2024-12-15,Central,Corporate,Electronics,Headphones,3,35142.51379470381,0.0,105427.54,77652.53,27775.01
1968,2024-11-28,North,Small Business,Electronics,Smartwatch,2,33784.02269631819,0.05,64189.64,38212.81,25976.83
1969,2024-06-25,Central,Corporate,Groceries,Tea 250g,1,79.026020429605,0.2,63.22,46.4,16.82
1970,2024-04-06,South,Small Business,Clothing,Jacket,3,3729.1672711692463,0.0,11187.5,6708.56,4478.94
1971,2024-01-24,North,Consumer,Groceries,Rice 5kg,5,416.4008330678245,0.0,2082.0,1577.15,504.85
1972,2024-11-04,North,Corporate,Electronics,Smartwatch,5,7883.089684856286,0.0,39415.45,31305.86,8109.59
1973,2024-09-07,East,Corporate,Electronics,Smartphone,5,36743.515895070304,0.15,156159.94,105802.46,50357.48
1974,2024-06-09,West,Corporate,Furniture,Sofa,4,2898.2921127780987,0.0,11593.17,8080.41,3512.76
1975,2024-10-23,West,Small Business,Groceries,Snacks Pack,1,421.33933600371677,0.0,421.34,319.29,102.05
1976,2024-08-15,South,Consumer,Clothing,Sneakers,2,2955.2807522706,0.0,5910.56,3877.95,2032.61
1977,2024-10-05,East,Consumer,Electronics,Laptop,2,13982.25658025944,0.0,27964.51,22231.37,5733.14
1978,2024-05-23,Central,Corporate,Clothing,Sneakers,4,1062.3225913992717,0.05,4036.83,3099.18,937.65
1979,2024-03-13,East,Corporate,Electronics,Smartwatch,3,7234.829851541243,0.15,18448.82,14669.83,3778.99
1980,2024-09-22,East,Small Business,Groceries,Tea 250g,4,359.2310060611349,0.1,1293.23,837.5,455.73
1981,2024-11-09,Central,Small Business,Electronics,Tablet,4,43063.4349949395,0.0,172253.74,95417.4,76836.34
1982,2024-02-27,East,Consumer,Furniture,Sofa,1,8834.008697968318,0.15,7508.91,5112.31,2396.6
1983,2024-07-15,East,Consumer,Groceries,Cooking Oil 1L,3,54.774665074469766,0.1,147.89,88.29,59.6
1984,2024-10-19,North,Consumer,Electronics,Smartphone,5,20183.281071949397,0.1,90824.76,51824.18,39000.58
1985,2024-01-07,North,Consumer,Clothing,Sneakers,4,435.7235457871165,0.1,1568.6,1003.45,565.15
1986,2024-02-18,South,Small Business,Clothing,Jacket,3,1166.6756200051632,0.1,3150.02,1903.8,1246.22
1987,2024-06-09,West,Consumer,Clothing,Sneakers,4,3192.0334184829303,0.05,12129.73,7546.45,4583.28
1988,2024-03-01,North,Small Business,Clothing,T-Shirt,4,3066.1391181142726,0.05,11651.33,7163.21,4488.12
1989,2024-08-09,East,Corporate,Clothing,Sneakers,5,3935.525143087437,0.0,19677.63,15052.22,4625.41
1990,2024-12-06,West,Consumer,Clothing,Sneakers,5,518.5670721874446,0.0,2592.84,1611.53,981.31
1991,2024-12-08,Central,Consumer,Furniture,Study Table,5,6030.23279939169,0.0,30151.16,22508.92,7642.24
1992,2024-11-19,East,Small Business,Electronics,Smartwatch,4,37733.10306087907,0.05,143385.79,103627.64,39758.15
1993,2024-09-27,Central,Consumer,Furniture,Bookshelf,3,24633.370164864456,0.0,73900.11,49451.44,24448.67
1994,2024-04-11,East,Consumer,Groceries,Rice 5kg,1,478.97993871241823,0.0,478.98,328.55,150.43
1995,2024-04-21,North,Consumer,Groceries,Rice 5kg,4,476.09323790615514,0.05,1809.15,1156.38,652.77
1996,2024-05-28,Central,Consumer,Groceries,Snacks Pack,1,494.38781701277696,0.0,494.39,315.75,178.64
1997,2024-04-09,East,Corporate,Groceries,Tea 250g,1,438.8771177076436,0.0,438.88,270.54,168.34
1998,2024-11-01,West,,Groceries,Snacks Pack,5,379.108418759723,0.05,1800.76,1389.65,411.11
1999,2024-08-14,South,,Electronics,Tablet,3,10123.705339339002,0.1,27334.0,19453.49,7880.51
2000,2024-05-19,South,Corporate,Furniture,Sofa,4,2296.796530942863,0.0,9187.19,5732.77,3454.42
2001,2024-04-09,West,Corporate,Electronics,Headphones,3,41346.04365247174,0.1,111634.32,63353.24,48281.08
2002,2024-04-11,West,Small Business,Clothing,Jacket,5,2933.928864182619,0.15,12469.2,8168.66,4300.54
2003,2024-04-03,Central,Consumer,Clothing,Jeans,4,3538.845934659297,0.0,14155.38,10349.43,3805.95
2004,2024-02-13,Central,Corporate,Clothing,T-Shirt,2,880.3139915755903,0.05,1672.6,968.37,704.23
2005,2024-02-06,East,Corporate,Furniture,Sofa,5,20931.59648960209,0.1,94192.18,70417.33,23774.85
2006,2024-09-24,North,Consumer,Groceries,Tea 250g,4,72.33005605632978,0.1,260.39,188.8,71.59
2007,2024-06-24,Central,Small Business,Groceries,Snacks Pack,5,469.4169089514578,0.0,2347.08,1315.23,1031.85
2008,2024-03-09,Central,Consumer,Electronics,Headphones,2,28492.22957955323,0.0,56984.46,34787.54,22196.92
2009,2024-01-31,Central,Corporate,Clothing,T-Shirt,4,2917.0601499650634,0.0,11668.24,8874.41,2793.83
2010,2024-06-23,Central,Small Business,Clothing,Jeans,3,1450.667077299723,0.2,3481.6,2100.6,1381.0
2011,2024-07-25,Central,Corporate,Electronics,Laptop,4,55354.14756671156,0.0,221416.59,140933.35,80483.24
2012,2024-09-29,Central,Consumer,Electronics,Headphones,1,56010.16278626092,0.15,47608.64,33441.52,14167.12
2013,2024-12-07,North,Corporate,Groceries,Cooking Oil 1L,4,91.35810481526855,0.2,292.35,191.63,100.72
2014,2024-10-02,East,,Clothing,T-Shirt,5,542.5014262932326,0.2,2170.01,1729.26,440.75
2015,2024-11-18,North,Consumer,Clothing,Jeans,4,3737.48585815709,0.0,14949.94,10142.04,4807.9
2016,2024-06-11,Central,Consumer,Clothing,Jacket,3,1891.2793054756123,0.15,4822.76,2871.13,1951.63
2017,2024-07-29,West,Consumer,Clothing,T-Shirt,2,2117.379775780776,0.2,3387.81,2246.63,1141.18
2018,2024-12-21,West,Consumer,Clothing,Sneakers,1,2463.972750000629,0.1,2217.58,1223.28,994.3
2019,2024-06-23,East,Consumer,Groceries,Rice 5kg,3,435.4391538569211,0.0,1306.32,888.38,417.94
2020,2024-12-21,North,Small Business,Clothing,T-Shirt,2,3948.8848626946783,0.05,7502.88,4429.56,3073.32
2021,2024-01-19,South,Corporate,Furniture,Sofa,4,11870.507604693646,0.0,47482.03,36690.14,10791.89
2022,2024-04-03,West,Consumer,Electronics,Smartwatch,2,21416.193552937064,0.2,34265.91,22505.37,11760.54
2023,2024-02-08,West,Consumer,Clothing,Jeans,5,3713.297130089896,0.0,18566.49,13198.29,5368.2
2024,2024-05-04,South,Consumer,Groceries,Tea 250g,1,516.5510303669757,0.2,413.24,229.32,183.92
2025,2024-12-12,West,Consumer,Furniture,Office Chair,2,20843.026108606668,0.0,41686.05,32677.36,9008.69
2026,2024-01-13,South,,Electronics,Smartwatch,3,51663.02209758851,0.05,147239.61,86648.9,60590.71
2027,2024-12-22,East,,Electronics,Laptop,2,11528.838758924016,0.2,18446.14,14363.72,4082.42
2028,2024-06-25,West,Small Business,Furniture,Bookshelf,1,2348.9786359521995,0.05,2231.53,1317.19,914.34
2029,2024-05-30,East,Consumer,Electronics,Smartwatch,2,9217.449192772905,0.0,18434.9,11107.37,7327.53
2030,2024-09-12,East,Corporate,Electronics,Smartphone,1,10810.87156675024,0.0,10810.87,7449.52,3361.35
2031,2024-03-25,Central,Corporate,Electronics,Smartwatch,5,25507.134960254156,0.05,121158.89,81378.45,39780.44
2032,2024-04-26,South,Consumer,Clothing,Jeans,5,3768.2296827831656,0.2,15072.92,10430.65,4642.27
2033,2024-01-10,Central,Consumer,Clothing,Jeans,5,2707.9106222547703,0.2,10831.64,6847.4,3984.24
2034,2024-01-21,North,Small Business,Clothing,Jeans,2,3752.5993820977924,0.05,7129.94,4238.55,2891.39
2035,2024-09-05,South,Consumer,Electronics,Laptop,1,14107.650803641305,0.1,12696.89,7048.15,5648.74
2036,2024-10-01,South,Consumer,Clothing,Jeans,4,2112.4622336186576,0.1,7604.86,4796.12,2808.74
2037,2024-03-20,North,Small Business,Furniture,Sofa,4,18232.08316254259,0.1,65635.5,41856.54,23778.96
2038,2024-12-30,West,Consumer,Clothing,Jeans,5,2774.812153718482,0.0,13874.06,9835.8,4038.26
2039,2024-12-30,North,Corporate,Groceries,Rice 5kg,5,439.99767478311725,0.0,2199.99,1530.51,669.48
2040,2024-11-18,Central,Consumer,Groceries,Snacks Pack,5,369.03544969141416,0.0,1845.18,1376.93,468.25
2041,2024-03-03,North,Corporate,Furniture,Sofa,1,24591.0996474955,0.05,23361.54,16649.75,6711.79
2042,2024-04-16,South,Small Business,Groceries,Tea 250g,1,485.5429993171396,0.0,485.54,388.08,97.46
2043,2024-12-23,Central,Corporate,Clothing,Sneakers,4,3364.70215353249,0.1,12112.93,9250.88,2862.05
2044,2024-11-16,West,Consumer,Furniture,Sofa,2,4652.1880101861825,0.0,9304.38,7370.68,1933.7
2045,2024-11-03,East,Consumer,Furniture,Bookshelf,1,7488.3576061671265,0.1,6739.52,4990.4,1749.12
2046,2024-04-16,Central,Corporate,Electronics,Tablet,3,15263.26211403235,0.0,45789.79,25991.36,19798.43
2047,2024-02-05,South,Corporate,Electronics,Laptop,3,34555.51779798859,0.0,103666.55,65543.45,38123.1
2048,2024-08-23,North,Consumer,Furniture,Bookshelf,5,23032.927438207113,0.05,109406.41,78120.98,31285.43
2049,2024-07-13,North,Small Business,Electronics,Smartwatch,1,17997.150311432808,0.2,14397.72,10580.92,3816.8
2050,2024-11-25,Central,Small Business,Electronics,Smartphone,1,35741.83670056863,0.1,32167.65,18291.75,13875.9
2051,2024-04-14,Central,Consumer,Furniture,Office Chair,3,8634.164901479671,0.15,22017.12,12447.4,9569.72
2052,2024-02-16,North,Small Business,Electronics,Tablet,5,58519.12272157092,0.0,292595.61,209259.18,83336.43
2053,2024-04-22,West,Consumer,Electronics,Laptop,3,31035.292883982573,0.0,93105.88,52669.32,40436.56
2054,2024-07-26,East,Consumer,Electronics,Tablet,5,49176.52682199464,0.1,221294.37,152335.11,68959.26
2055,2024-08-21,North,Consumer,Electronics,Headphones,3,54307.539208463866,0.1,146630.36,101449.67,45180.69
2056,2024-03-13,East,Small Business,Clothing,Jacket,3,2896.9608022482776,0.05,8256.34,5197.02,3059.32
2057,2024-06-16,West,Consumer,Furniture,Bookshelf,2,6645.886033107704,0.1,11962.59,8414.72,3547.87
2058,2024-01-06,West,Consumer,Electronics,Headphones,4,11760.334595956334,0.0,47041.34,36344.05,10697.29
2059,2024-03-15,West,Corporate,Groceries,Snacks Pack,3,369.0643681731169,0.0,1107.19,875.79,231.4
2060,2024-02-15,Central,Small Business,Electronics,Tablet,2,4150.250307578363,0.1,7470.45,5632.54,1837.91
2061,2024-12-04,South,Consumer,Electronics,Smartwatch,2,35323.441177263456,0.2,56517.51,39969.32,16548.19
2062,2024-02-07,East,Small Business,Groceries,Cooking Oil 1L,5,537.7200047730732,0.15,2285.31,1814.34,470.97
2063,2024-12-08,West,Consumer,Groceries,Cooking Oil 1L,1,189.80068632441726,0.1,170.82,127.34,43.48
2064,2024-11-25,South,Consumer,Electronics,Laptop,2,20249.8323768374,0.1,36449.7,22085.56,14364.14
2065,2024-10-27,East,Consumer,Clothing,Jeans,4,1156.3796182180774,0.0,4625.52,3194.02,1431.5
2066,2024-12-12,South,Consumer,Clothing,Jacket,1,3051.1827116077684,0.2,2440.95,1601.28,839.67
2067,2024-08-31,North,Consumer,Clothing,Sneakers,2,1805.7223858939842,0.1,3250.3,2195.12,1055.18
2068,2024-09-10,East,Consumer,Groceries,Cooking Oil 1L,5,351.1843923465722,0.1,1580.33,1087.6,492.73
2069,2024-07-23,West,Corporate,Clothing,Sneakers,5,2352.244500440921,0.0,11761.22,9256.23,2504.99
2070,2024-09-28,East,Consumer,Groceries,Snacks Pack,2,359.7792878813489,0.1,647.6,374.09,273.51
2071,2024-11-01,South,Corporate,Electronics,Tablet,3,12125.999322946729,0.2,29102.4,17631.43,11470.97
2072,2024-09-17,Central,Consumer,Electronics,Smartphone,2,5974.6517353667205,0.05,11351.84,6824.0,4527.84
2073,2024-02-06,South,Corporate,Clothing,Jacket,4,3534.5002081221537,0.1,12724.2,8265.86,4458.34
2074,2024-08-04,Central,Consumer,Electronics,Laptop,4,17490.036644566597,0.0,69960.15,45461.42,24498.73
2075,2024-02-18,Central,Small Business,Clothing,Sneakers,1,2278.5263634910734,0.1,2050.67,1435.28,615.39
2076,2024-03-14,Central,Small Business,Clothing,T-Shirt,3,1659.9137115214514,0.0,4979.74,3127.14,1852.6
2077,2024-09-15,Central,Consumer,Electronics,Tablet,2,44900.10684690541,0.0,89800.21,69925.89,19874.32
2078,2024-07-27,South,Corporate,Clothing,Jacket,4,1855.5740422581237,0.0,7422.3,5320.06,2102.24
2079,2024-07-31,West,Consumer,Furniture,Sofa,3,19338.279961263663,0.15,49312.61,35558.6,13754.01
2080,2024-09-14,North,Corporate,Clothing,Jeans,3,3261.7682924468572,0.0,9785.3,7636.48,2148.82
2081,2024-08-19,East,Consumer,Electronics,Headphones,4,36179.490062449586,0.0,144717.96,87627.11,57090.85
2082,2024-04-29,East,Small Business,Clothing,Jeans,4,1318.2140288901096,0.0,5272.86,4079.79,1193.07
2083,2024-06-08,Central,Consumer,Groceries,Tea 250g,3,212.98163810052108,0.05,607.0,443.87,163.13
2084,2024-06-05,Central,Corporate,Clothing,Sneakers,1,3264.1502226078533,0.1,2937.74,1922.83,1014.91
2085,2024-05-03,Central,Consumer,Electronics,Tablet,5,24801.13833528292,0.2,99204.55,58071.99,41132.56
2086,2024-06-08,North,Small Business,Clothing,Jeans,1,3468.0084882813653,0.2,2774.41,1898.65,875.76
2087,2024-08-03,East,Consumer,Electronics,Smartphone,5,24923.677126787163,0.05,118387.47,78341.07,40046.4
2088,2024-01-10,North,Consumer,Clothing,Jacket,4,1672.1016575473263,0.2,5350.73,3860.21,1490.52
2089,2024-06-04,South,Corporate,Groceries,Snacks Pack,5,418.66823470991375,0.0,2093.34,1566.1,527.24
2090,2024-11-11,West,Small Business,Electronics,Laptop,5,41584.82866080044,0.05,197527.94,111511.37,86016.57
2091,2024-09-04,East,Consumer,Furniture,Sofa,5,22519.637063365728,0.05,106968.28,83081.98,23886.3
2092,2024-05-06,Central,Corporate,Electronics,Tablet,1,27970.493885205058,0.1,25173.44,18760.7,6412.74
2093,2024-12-06,Central,Consumer,Furniture,Sofa,5,2986.395476306451,0.0,14931.98,10052.15,4879.83
2094,2024-03-19,Central,Small Business,Electronics,Smartphone,5,16679.32549995138,0.0,83396.63,49696.97,33699.66
2095,2024-10-03,North,Corporate,Electronics,Tablet,2,31682.43187824253,0.0,63364.86,40020.84,23344.02
2096,2024-01-23,East,Consumer,Electronics,Smartphone,5,38591.73589695105,0.1,173662.81,123043.42,50619.39
2097,2024-07-19,Central,Consumer,Electronics,Smartphone,2,42175.38213973434,0.0,84350.76,49607.29,34743.47
2098,2024-04-02,East,Consumer,Groceries,Cooking Oil 1L,2,118.50546361971912,0.15,201.46,142.93,58.53
2099,2024-11-05,East,Consumer,Groceries,Snacks Pack,1,362.07436441693596,0.2,289.66,176.4,113.26
2100,2024-05-20,West,Small Business,Groceries,Tea 250g,2,171.50477194673982,0.05,325.86,234.99,90.87
2101,2024-10-20,Central,Small Business,Clothing,Sneakers,2,1410.9738471805206,0.0,2821.95,1777.99,1043.96
2102,2024-01-26,Central,Consumer,Furniture,Study Table,5,10295.20585621328,0.2,41180.82,29010.93,12169.89
2103,2024-08-24,South,Corporate,Groceries,Snacks Pack,4,224.05436088020343,0.0,896.22,548.05,348.17
2104,2024-06-19,North,Consumer,Electronics,Smartphone,1,51074.121926159365,0.2,40859.3,31675.14,9184.16
2105,2024-08-30,Central,Consumer,Electronics,Laptop,2,49491.13888115577,0.15,84134.94,59389.79,24745.15
2106,2024-03-16,Central,Consumer,Electronics,Smartphone,4,35739.79496236221,0.15,121515.3,75224.88,46290.42
2107,2024-03-11,West,Small Business,Clothing,Sneakers,3,777.1498876520278,0.0,2331.45,1516.16,815.29
2108,2024-01-05,West,Corporate,Groceries,Cooking Oil 1L,5,168.09290323589676,0.1,756.42,437.47,318.95
2109,2024-12-21,West,Consumer,Electronics,Smartphone,5,26083.774596730473,0.2,104335.1,83243.77,21091.33
2110,2024-06-03,West,Corporate,Clothing,T-Shirt,3,1141.0214331829943,0.1,3080.76,2258.78,821.98
2111,2024-08-05,East,Consumer,Electronics,Tablet,4,46161.52639119977,0.05,175413.8,127545.47,47868.33
2112,2024-04-02,North,Consumer,Clothing,Jacket,3,1639.5296031455512,0.0,4918.59,3069.67,1848.92
2113,2024-09-09,West,Consumer,Clothing,Jacket,2,3364.7898178356363,0.0,6729.58,4199.5,2530.08
2114,2024-06-19,South,Corporate,Electronics,Laptop,3,34679.626360834285,0.05,98836.94,75886.57,22950.37
2115,2024-01-30,Central,Small Business,Electronics,Tablet,5,5116.218089900556,0.0,25581.09,18553.83,7027.26
2116,2024-06-14,Central,Small Business,Groceries,Rice 5kg,5,484.070775285177,0.0,2420.35,1501.89,918.46
2117,2024-09-02,South,Consumer,Clothing,Jeans,1,2708.7479685874778,0.2,2167.0,1313.37,853.63
2118,2024-09-27,South,Consumer,Electronics,Tablet,4,40683.594912441695,0.0,162734.38,124839.41,37894.97
2119,2024-10-23,West,Corporate,Electronics,Tablet,4,14184.80173503995,0.1,51065.29,34203.13,16862.16
2120,2024-04-26,West,,Clothing,T-Shirt,4,2146.3707421806357,0.0,8585.48,6070.39,2515.09
2121,2024-08-24,East,Consumer,Groceries,Tea 250g,5,150.37622265031615,0.1,676.69,530.72,145.97
2122,2024-07-30,West,Consumer,Electronics,Smartphone,5,52322.309748895765,0.0,261611.55,146415.49,115196.06
2123,2024-10-11,North,Corporate,Electronics,Tablet,2,56592.5585678277,0.2,90548.09,56956.55,33591.54
2124,2024-12-05,South,Corporate,Groceries,Snacks Pack,1,420.1337221614414,0.1,378.12,233.64,144.48
2125,2024-02-16,East,Small Business,Clothing,T-Shirt,4,1968.8741494755845,0.05,7481.72,4892.75,2588.97
2126,2024-02-16,South,Consumer,Electronics,Tablet,5,51145.346280253965,0.0,255726.73,189331.72,66395.01
2127,2024-01-10,North,Small Business,Groceries,Rice 5kg,2,94.64993796543109,0.0,189.3,106.36,82.94
2128,2024-04-23,East,Corporate,Electronics,Laptop,3,35270.80280213492,0.0,105812.41,73701.18,32111.23
2129,2024-09-29,Central,Corporate,Electronics,Smartphone,3,39506.329019804965,0.0,118518.99,81936.2,36582.79
2130,2024-02-02,West,Corporate,Electronics,Smartphone,4,35948.85932712186,0.0,143795.44,95561.61,48233.83
2131,2024-11-27,North,Corporate,Clothing,Jacket,3,467.2784379268619,0.2,1121.47,666.93,454.54
2132,2024-12-23,Central,Small Business,Furniture,Bookshelf,2,22761.43691632585,0.15,38694.44,30001.62,8692.82
2133,2024-02-10,West,Consumer,Electronics,Laptop,3,8020.535165635733,0.0,24061.61,16606.44,7455.17
2134,2024-08-29,East,Consumer,Clothing,Jacket,4,2418.709982005971,0.0,9674.84,7125.73,2549.11
2135,2024-09-29,North,Consumer,Clothing,Jacket,3,1231.9708887183929,0.0,3695.91,2464.54,1231.37
2136,2024-08-31,South,Small Business,Groceries,Snacks Pack,2,317.2028519332154,0.0,634.41,389.09,245.32
2137,2024-09-15,East,Consumer,Electronics,Smartwatch,3,47972.45907867878,0.1,129525.64,73038.88,56486.76
2138,2024-09-25,North,Corporate,Clothing,Jacket,4,2759.5390039711747,0.15,9382.43,6309.49,3072.94
2139,2024-05-27,East,Consumer,Clothing,Jeans,4,2776.4215460505543,0.05,10550.4,7935.88,2614.52
2140,2024-07-09,South,Small Business,Electronics,Tablet,5,7918.103378313792,0.05,37610.99,29153.95,8457.04
2141,2024-08-07,East,Consumer,Clothing,Jacket,3,2486.3416365774115,0.0,7459.02,4603.29,2855.73
2142,2024-10-15,West,Consumer,Electronics,Tablet,4,59813.440009058715,0.15,203365.7,141232.96,62132.74
2143,2024-11-05,East,Consumer,Electronics,Tablet,3,6326.547457107637,0.0,18979.64,13001.5,5978.14
2144,2024-05-06,South,Consumer,Electronics,Laptop,3,51142.292068200324,0.0,153426.88,89024.33,64402.55
2145,2024-12-04,North,Consumer,Groceries,Tea 250g,4,484.3392206828658,0.05,1840.49,1202.42,638.07
2146,2024-05-21,South,Consumer,Furniture,Sofa,4,13000.178477598054,0.1,46800.64,35069.06,11731.58
2147,2024-12-18,South,Consumer,Electronics,Laptop,3,45018.37013058066,0.15,114796.84,90647.98,24148.86
2148,2024-05-08,East,Consumer,Furniture,Study Table,1,12639.593475941037,0.0,12639.59,7957.52,4682.07
2149,2024-01-10,South,Consumer,Clothing,Jeans,1,2548.6590927858897,0.1,2293.79,1818.34,475.45
2150,2024-07-21,North,Small Business,Groceries,Rice 5kg,5,396.63733914458896,0.0,1983.19,1560.72,422.47
2151,2024-11-17,South,Corporate,Electronics,Smartwatch,2,39659.367690402716,0.05,75352.8,58807.29,16545.51
2152,2024-09-03,North,Consumer,Electronics,Tablet,5,16252.00968141338,0.0,81260.05,62306.45,18953.6
2153,2024-07-01,West,Consumer,Electronics,Headphones,4,19278.62597833656,0.1,69403.05,53856.0,15547.05
2154,2024-03-08,West,Corporate,Electronics,Headphones,2,6164.700340437859,0.2,9863.52,6164.21,3699.31
2155,2024-03-26,West,Corporate,Groceries,Rice 5kg,2,431.2528520830669,0.05,819.38,464.37,355.01
2156,2024-11-19,North,Consumer,Groceries,Rice 5kg,3,586.3284846623555,0.2,1407.19,940.42,466.77
2157,2024-08-15,North,Corporate,Groceries,Snacks Pack,1,229.54792372962666,0.2,183.64,140.41,43.23
2158,2024-04-08,North,Consumer,Electronics,Laptop,1,15240.111513618773,0.2,12192.09,7873.4,4318.69
2159,2024-12-21,East,Corporate,Clothing,Jacket,4,2553.165101164049,0.0,10212.66,6151.05,4061.61
2160,2024-01-30,North,Consumer,Clothing,Jacket,3,3472.8370139609656,0.0,10418.51,7469.82,2948.69
2161,2024-02-06,East,Consumer,Groceries,Snacks Pack,1,299.22361679609344,0.15,254.34,156.0,98.34
2162,2024-09-02,North,Consumer,Electronics,Headphones,2,51836.641841615245,0.0,103673.28,69857.69,33815.59
2163,2024-10-26,Central,Corporate,Groceries,Rice 5kg,4,327.9929111947926,0.0,1311.97,752.93,559.04
2164,2024-01-08,West,Consumer,Electronics,Headphones,3,56771.43498626912,0.2,136251.44,96228.03,40023.41
2165,2024-03-03,East,Consumer,Clothing,Jacket,5,3695.1842007963414,0.0,18475.92,14278.09,4197.83
2166,2024-10-05,Central,Consumer,Electronics,Smartphone,5,25373.38997382487,0.05,120523.6,67752.38,52771.22
2167,2024-06-21,North,Small Business,Clothing,Sneakers,3,3928.35677118872,0.2,9428.06,6514.26,2913.8
2168,2024-04-28,East,Corporate,Groceries,Rice 5kg,2,115.4529648950444,0.1,207.82,130.97,76.85
2169,2024-04-24,East,Corporate,Groceries,Snacks Pack,1,274.65573166047307,0.05,260.92,169.74,91.18
2170,2024-10-30,North,Small Business,Electronics,Smartwatch,2,8605.542332736113,0.1,15489.98,10429.05,5060.93
2171,2024-07-30,South,Consumer,Clothing,T-Shirt,4,2116.700650448588,0.05,8043.46,6084.97,1958.49
2172,2024-06-17,Central,Corporate,Electronics,Smartphone,4,4431.167450540854,0.0,17724.67,12162.91,5561.76
2173,2024-04-15,East,Small Business,Groceries,Cooking Oil 1L,3,522.3826669423026,0.05,1488.79,872.1,616.69
2174,2024-07-03,North,Small Business,Clothing,T-Shirt,5,1186.844031805079,0.05,5637.51,3876.37,1761.14
2175,2024-02-11,East,Corporate,Clothing,Jacket,3,2232.024761438582,0.0,6696.07,5169.56,1526.51
2176,2024-08-20,Central,Consumer,Electronics,Smartwatch,4,12997.399138119323,0.0,51989.6,38769.9,13219.7
2177,2024-11-04,Central,Corporate,Clothing,Jacket,3,2231.2286755237783,0.0,6693.69,3924.16,2769.53
2178,2024-10-04,West,Small Business,Electronics,Smartwatch,3,57739.6653020834,0.0,173219.0,125958.55,47260.45
2179,2024-06-27,West,Consumer,Clothing,Jeans,5,1356.4111210831898,0.0,6782.06,4894.59,1887.47
2180,2024-01-30,North,Consumer,Groceries,Cooking Oil 1L,3,180.31473368236533,0.05,513.9,377.11,136.79
2181,2024-07-12,Central,Consumer,Electronics,Laptop,3,46136.55227592438,0.05,131489.17,77497.33,53991.84
2182,2024-03-07,West,Consumer,Clothing,Jacket,5,2161.5918886567415,0.05,10267.56,7629.67,2637.89
2183,2024-03-08,North,Consumer,Clothing,T-Shirt,3,2487.233770901414,0.0,7461.7,5082.52,2379.18
2184,2024-05-19,South,Consumer,Clothing,Jacket,2,1634.242384775807,0.0,3268.48,2425.26,843.22
2185,2024-02-04,Central,Corporate,Furniture,Study Table,5,19813.06204445045,0.0,99065.31,62274.88,36790.43
2186,2024-10-20,East,Corporate,Groceries,Snacks Pack,1,502.0924802271466,0.05,476.99,346.91,130.08
2187,2024-03-11,East,Consumer,Groceries,Snacks Pack,2,507.4094181856073,0.05,964.08,563.73,400.35
2188,2024-10-13,north,Consumer,Furniture,Bookshelf,3,3734.546202130144,0.1,10083.27,7169.44,2913.83
2189,2024-03-16,East,Consumer,Electronics,Smartphone,4,26219.915903631867,0.1,94391.7,62363.52,32028.18
2190,2024-07-08,East,Consumer,Clothing,Sneakers,4,2015.1493864107122,0.0,8060.6,6184.65,1875.95
2191,2024-12-10,South,Consumer,Electronics,Tablet,1,43932.0350139977,0.0,43932.04,26463.04,17469.0
2192,2024-01-29,West,Corporate,Furniture,Sofa,4,17896.109326892154,0.0,71584.44,44937.04,26647.4
2193,2024-02-14,East,Consumer,Electronics,Laptop,5,30832.994467602173,0.0,154164.97,105785.11,48379.86
2194,2024-02-07,East,Consumer,Clothing,T-Shirt,5,3604.506308325836,0.1,16220.28,11820.05,4400.23
2195,2024-04-12,East,Consumer,Clothing,T-Shirt,5,680.9031914280447,0.05,3234.29,2007.1,1227.19
2196,2024-12-23,North,Consumer,Electronics,Headphones,1,3790.0125461274665,0.0,3790.01,2410.42,1379.59
2197,2024-02-23,East,Consumer,Clothing,Jacket,1,1069.9512440184549,0.1,962.96,635.01,327.95
2198,2024-11-09,North,Small Business,Groceries,Snacks Pack,2,337.257014166826,0.0,674.51,481.88,192.63
2199,2024-07-13,West,Small Business,Electronics,Laptop,1,13990.614707753444,0.0,13990.61,8616.27,5374.34
2200,2024-04-02,West,Consumer,Clothing,Jeans,1,615.0038402989992,0.05,584.25,376.53,207.72
2201,2024-05-09,South,Corporate,Electronics,Smartphone,5,58473.40655500325,0.0,292367.03,166453.23,125913.8
2202,2024-02-01,West,Consumer,Furniture,Sofa,1,7003.636890330234,0.0,7003.64,4208.72,2794.92
2203,2024-10-06,South,Corporate,Furniture,Sofa,4,12050.557851353291,0.2,38561.79,30438.02,8123.77
2204,2024-06-02,Central,Consumer,Electronics,Tablet,1,16579.819551198605,0.0,16579.82,12675.4,3904.42
2205,2024-02-07,East,Consumer,Electronics,Laptop,5,24072.857580483706,0.05,114346.07,82232.3,32113.77
2206,2024-07-05,Central,Consumer,Groceries,Snacks Pack,1,207.6652872114746,0.0,207.67,145.06,62.61
2207,2024-11-23,East,Consumer,Groceries,Snacks Pack,2,326.58151271252706,0.1,587.85,382.1,205.75
2208,2024-09-14,East,Corporate,Clothing,T-Shirt,3,990.2636277450691,0.2,2376.63,1829.3,547.33
2209,2024-02-07,West,Consumer,Clothing,T-Shirt,4,2982.2138220125807,0.1,10735.97,6250.93,4485.04
2210,2024-08-23,North,Corporate,Furniture,Sofa,3,7527.1610757423605,0.0,22581.48,16290.32,6291.16
2211,2024-02-20,East,Corporate,Electronics,Smartphone,4,38727.39989474856,0.0,154909.6,95192.7,59716.9
2212,2024-08-25,West,Consumer,Furniture,Bookshelf,5,8976.431765466179,0.0,44882.16,31805.37,13076.79
2213,2024-06-18,Central,Small Business,Furniture,Office Chair,3,14240.284735059231,0.05,40584.81,28336.11,12248.7
2214,2024-06-22,Central,Small Business,Clothing,Jacket,5,982.4389060850689,0.05,4666.58,3603.18,1063.4
2215,2024-05-28,North,Corporate,Electronics,Smartwatch,2,36177.087104966806,0.15,61501.05,39268.33,22232.72
2216,2024-06-22,Central,Consumer,Clothing,Jeans,1,712.6111135840414,0.1,641.35,383.1,258.25
2217,2024-08-04,North,Small Business,Clothing,Sneakers,4,3758.6113872025976,0.05,14282.72,9494.66,4788.06
2218,2024-05-31,North,Consumer,Groceries,Snacks Pack,4,76.68152851445797,0.15,260.72,185.68,75.04
2219,2024-12-03,South,Consumer,Clothing,T-Shirt,3,2795.4012538048632,0.2,6708.96,5019.2,1689.76
2220,2024-03-08,West,Corporate,Electronics,Smartphone,3,48633.324543127026,0.1,131309.98,72855.87,58454.11
2221,2024-05-22,North,Consumer,Furniture,Bookshelf,5,5886.571492110102,0.0,29432.86,22107.32,7325.54
2222,2024-01-06,West,Consumer,Electronics,Laptop,2,53407.173186697335,0.0,106814.35,63222.42,43591.93
2223,2024-11-02,Central,Consumer,Electronics,Smartphone,3,57168.83803173507,0.0,171506.51,134408.48,37098.03
2224,2024-02-27,West,Consumer,Furniture,Bookshelf,2,18486.354673990907,0.05,35124.07,21682.76,13441.31
2225,2024-02-04,Central,Corporate,Electronics,Smartphone,1,57088.13942721579,0.0,57088.14,31812.86,25275.28
2226,2024-09-04,North,Consumer,Clothing,Jeans,5,1982.4094811769548,0.05,9416.45,6944.44,2472.01
2227,2024-11-12,East,Small Business,Furniture,Office Chair,2,15439.765629865804,0.05,29335.55,18582.75,10752.8
2228,2024-07-24,East,Consumer,Clothing,Sneakers,5,3190.134735555498,0.1,14355.61,9873.75,4481.86
2229,2024-06-06,Central,Consumer,Furniture,Study Table,3,22112.119664208807,0.0,66336.36,46177.34,20159.02
2230,2024-09-10,West,Consumer,Electronics,Smartwatch,2,18480.013465497846,0.2,29568.02,23177.24,6390.78
2231,2024-06-18,North,Consumer,Clothing,Jeans,4,573.4709481095942,0.0,2293.88,1442.42,851.46
2232,2024-07-18,East,Corporate,Electronics,Smartwatch,3,3608.402903014249,0.1,9742.69,6057.77,3684.92
2233,2024-05-06,West,Corporate,Clothing,Jeans,3,2555.960938558119,0.0,7667.88,4343.87,3324.01
2234,2024-04-01,East,Consumer,Clothing,Jacket,5,3185.0030819134136,0.15,13536.26,9913.01,3623.25
2235,2024-07-16,North,Corporate,Groceries,Cooking Oil 1L,5,512.2228041444915,0.0,2561.11,1764.08,797.03
2236,2024-11-28,South,Corporate,Groceries,Rice 5kg,3,286.6922238617351,0.05,817.07,557.78,259.29
2237,2024-12-03,North,Corporate,Clothing,T-Shirt,2,472.8332621384041,0.1,851.1,490.18,360.92
2238,2024-12-23,North,Corporate,Electronics,Tablet,3,10072.38822116079,0.0,30217.16,19801.57,10415.59
2239,2024-03-29,East,Consumer,Clothing,Jacket,3,2977.929417066584,0.1,8040.41,4533.93,3506.48
2240,2024-05-01,North,Corporate,Electronics,Smartphone,2,46005.39093030516,0.1,82809.7,49959.18,32850.52
2241,2024-12-15,North,Consumer,Clothing,Sneakers,4,2081.0498747634792,0.15,7075.57,4371.32,2704.25
2242,2024-07-31,West,Small Business,Furniture,Sofa,2,10384.776242884342,0.05,19731.07,14942.6,4788.47
2243,2024-10-15,East,Corporate,Clothing,T-Shirt,2,1822.3627108532414,0.0,3644.73,2825.13,819.6
2244,2024-01-06,South,Consumer,Clothing,Jeans,2,1157.201328241354,0.0,2314.4,1779.65,534.75
2245,2024-11-05,Central,Consumer,Groceries,Snacks Pack,2,269.50606665394866,0.1,485.11,312.38,172.73
2246,2024-04-29,Central,Small Business,Groceries,Cooking Oil 1L,5,378.57434058987025,0.05,1798.23,1070.53,727.7
2247,2024-12-24,North,Small Business,Clothing,Sneakers,2,1621.5835006068849,0.2,2594.53,1910.43,684.1
2248,2024-09-11,West,Consumer,Furniture,Office Chair,4,10418.012598261974,0.2,33337.64,23668.32,9669.32
2249,2024-09-15,West,Small Business,Electronics,Smartwatch,1,38272.09359783416,0.0,38272.09,21429.78,16842.31
2250,2024-02-15,East,Small Business,Electronics,Smartwatch,1,43051.20165391138,0.0,43051.2,31906.87,11144.33
2251,2024-10-06,North,Consumer,Furniture,Office Chair,1,12143.10962925712,0.05,11535.95,8320.82,3215.13
2252,2024-10-26,East,Consumer,Electronics,Smartphone,4,3953.2364375338216,0.05,15022.3,8795.06,6227.24
2253,2024-12-29,South,Small Business,Clothing,Jacket,5,3927.3166260016783,0.05,18654.75,10895.0,7759.75
2254,2024-05-30,South,Corporate,Clothing,Jeans,2,736.5241153358569,0.0,1473.05,833.33,639.72
2255,2024-03-03,East,Consumer,Furniture,Office Chair,5,21201.63028234529,0.1,95407.34,57098.34,38309.0
2256,2024-02-17,West,Corporate,Clothing,Jacket,1,761.3204968846021,0.05,723.25,459.11,264.14
2257,2024-03-26,South,Consumer,Electronics,Laptop,1,57097.64793447809,0.0,57097.65,43296.35,13801.3
2258,2024-04-15,East,Consumer,Clothing,T-Shirt,1,3333.882416871446,0.0,3333.88,1881.09,1452.79
2259,2024-03-10,South,Small Business,Furniture,Study Table,1,9234.004917109003,0.0,9234.0,6228.36,3005.64
2260,2024-07-03,South,Corporate,Electronics,Tablet,5,4381.752980577829,0.1,19717.89,15194.86,4523.03
2261,2024-12-07,South,Consumer,Electronics,Headphones,5,37559.138199446264,0.15,159626.34,115068.32,44558.02
2262,2024-01-14,West,Small Business,Clothing,Jeans,2,1969.0279731472433,0.0,3938.06,3016.44,921.62
2263,2024-01-26,Central,Corporate,Electronics,Headphones,2,50778.1345621316,0.05,96478.46,57925.99,38552.47
2264,2024-12-26,North,Consumer,Furniture,Study Table,3,12403.931618991832,0.0,37211.79,29151.61,8060.18
2265,2024-10-07,North,Consumer,Clothing,Sneakers,1,3843.2562054733075,0.05,3651.09,2543.85,1107.24
2266,2024-07-01,East,Corporate,Groceries,Tea 250g,1,184.6065477388963,0.15,156.92,86.7,70.22
2267,2024-11-13,East,Consumer,Groceries,Rice 5kg,2,265.71270095294346,0.1,478.28,289.74,188.54
2268,2024-05-19,North,Consumer,Furniture,Study Table,4,4885.536059442584,0.05,18565.04,14720.45,3844.59
2269,2024-05-14,Central,Consumer,Clothing,T-Shirt,5,2595.5576583091815,0.0,12977.79,7904.43,5073.36
2270,2024-03-20,Central,Consumer,Groceries,Cooking Oil 1L,3,160.35750851272195,0.15,408.91,243.22,165.69
2271,2024-11-28,West,Corporate,Electronics,Headphones,5,25328.409923403367,0.1,113977.84,84660.92,29316.92
2272,2024-02-28,East,Corporate,Furniture,Bookshelf,2,18060.192334797295,0.0,36120.38,27665.54,8454.84
2273,2024-09-17,North,Consumer,Clothing,Jacket,5,3357.060921101884,0.0,16785.3,10287.15,6498.15
2274,2024-03-14,West,Consumer,Electronics,Smartphone,2,17454.097176707168,0.15,29671.97,17027.64,12644.33
2275,2024-01-11,Central,Corporate,Clothing,T-Shirt,3,635.0342483700771,0.05,1809.85,1163.95,645.9
2276,2024-04-24,North,Small Business,Furniture,Sofa,1,12935.495961726552,0.15,10995.17,8576.73,2418.44
2277,2024-11-29,North,Consumer,Electronics,Headphones,1,4563.0818903728405,0.0,4563.08,2763.81,1799.27
2278,2024-09-12,North,Consumer,Clothing,Sneakers,1,2006.4798767153252,0.0,2006.48,1280.7,725.78
2279,2024-03-14,West,Consumer,Groceries,Rice 5kg,2,354.28027912679244,0.2,566.85,312.86,253.99
2280,2024-02-05,South,Small Business,Electronics,Laptop,4,31897.01508513225,0.05,121208.66,96455.62,24753.04
2281,2024-09-21,West,Consumer,Electronics,Tablet,5,4877.572359582391,0.0,24387.86,17758.53,6629.33
2282,2024-08-07,North,Consumer,Electronics,Smartphone,4,14355.879507553433,0.1,51681.17,36840.7,14840.47
2283,2024-10-09,Central,Corporate,Electronics,Laptop,2,34784.34345162964,0.0,69568.69,41703.42,27865.27
2284,2024-04-14,South,Consumer,Furniture,Sofa,2,10574.708709265802,0.2,16919.53,11628.29,5291.24
2285,2024-01-06,Central,Small Business,Furniture,Study Table,4,12619.627117833892,0.15,42906.73,32873.78,10032.95
2286,2024-03-21,Central,Consumer,Clothing,Jacket,1,2404.6915206541426,0.15,2043.99,1363.96,680.03
2287,2024-08-18,South,Consumer,Groceries,Cooking Oil 1L,4,343.19546337114133,0.2,1098.23,654.2,444.03
2288,2024-09-23,West,Consumer,Groceries,Snacks Pack,5,216.4927330402384,0.0,1082.46,779.8,302.66
2289,2024-06-07,Central,Corporate,Furniture,Bookshelf,5,16439.685868610122,0.1,73978.59,49835.03,24143.56
2290,2024-04-14,West,Consumer,Electronics,Laptop,4,16351.912104319377,0.0,65407.65,45180.41,20227.24
2291,2024-07-09,West,Corporate,Clothing,Sneakers,5,2096.5178907295794,0.1,9434.33,6117.24,3317.09
2292,2024-07-26,South,Consumer,Groceries,Cooking Oil 1L,3,204.2571090149245,0.2,490.22,347.72,142.5
2293,2024-08-10,South,Consumer,Groceries,Cooking Oil 1L,4,370.63911126308335,0.0,1482.56,940.63,541.93
2294,2024-07-11,South,Consumer,Electronics,Headphones,5,41019.02727730282,0.05,194840.38,149920.86,44919.52
2295,2024-01-11,South,Consumer,Groceries,Cooking Oil 1L,5,294.8598054488489,0.0,1474.3,1098.96,375.34
2296,2024-08-10,East,Corporate,Electronics,Laptop,1,17048.862159915232,0.1,15343.98,10460.45,4883.53
2297,2024-05-03,West,Consumer,Electronics,Smartwatch,4,1526.26814571327,0.2,4884.06,2791.74,2092.32
2298,2024-04-01,Central,,Groceries,Tea 250g,5,203.25768728755008,0.0,1016.29,665.55,350.74
2299,2024-09-01,Central,,Electronics,Smartphone,3,13358.92089587522,0.1,36069.09,28409.73,7659.36
2300,2024-10-05,Central,Small Business,Electronics,Smartwatch,3,45712.88073924142,0.0,137138.64,103354.03,33784.61
2301,2024-06-21,East,Small Business,Electronics,Smartphone,1,13672.983643154012,0.0,13672.98,9724.99,3947.99
2302,2024-08-03,West,Corporate,Groceries,Tea 250g,3,553.513231578343,0.1,1494.49,999.4,495.09
2303,2024-12-24,North,Consumer,Electronics,Tablet,2,8137.040646836525,0.05,15460.38,10695.79,4764.59
2304,2024-02-27,East,Small Business,Electronics,Tablet,4,25440.446227276527,0.0,101761.78,71249.65,30512.13
2305,2024-07-06,Central,Small Business,Clothing,Jacket,3,833.0389363325614,0.05,2374.16,1808.23,565.93
2306,2024-06-13,Central,Corporate,Groceries,Snacks Pack,5,346.19999317707203,0.0,1731.0,1266.17,464.83
2307,2024-03-21,North,Corporate,Electronics,Headphones,1,8179.750427295617,0.0,8179.75,4568.83,3610.92
2308,2024-11-28,West,Corporate,Groceries,Rice 5kg,3,594.3293439053085,0.05,1693.84,1238.07,455.77
2309,2024-04-20,West,Consumer,Groceries,Snacks Pack,4,449.7851309752285,0.05,1709.18,993.14,716.04
2310,2024-01-16,North,Consumer,Furniture,Office Chair,1,20555.1290998618,0.1,18499.62,11481.94,7017.68
2311,2024-02-07,East,Consumer,Electronics,Headphones,2,21158.986205659665,0.0,42317.97,27207.34,15110.63
2312,2024-09-12,South,Corporate,Furniture,Study Table,1,7716.181354690198,0.1,6944.56,4327.05,2617.51
2313,2024-05-31,South,Corporate,Electronics,Tablet,3,20766.946573554145,0.05,59185.8,46514.57,12671.23
2314,2024-09-25,South,Corporate,Clothing,Jeans,5,2812.0040074353205,0.0,14060.02,8584.97,5475.05
2315,2024-12-13,West,Consumer,Furniture,Office Chair,3,9443.098258283493,0.0,28329.29,22289.75,6039.54
2316,2024-05-16,North,Consumer,Clothing,Sneakers,5,3263.1053188400115,0.2,13052.42,10326.39,2726.03
2317,2024-03-22,West,Consumer,Groceries,Rice 5kg,3,457.15638714455935,0.15,1165.75,700.98,464.77
2318,2024-04-26,central,Consumer,Clothing,Sneakers,2,2870.4549638589237,0.05,5453.86,3050.57,2403.29
2319,2024-12-27,Central,Consumer,Electronics,Headphones,4,49282.91834488927,0.05,187275.09,142768.05,44507.04
2320,2024-02-25,West,Consumer,Electronics,Tablet,2,52431.47845956182,0.1,94376.66,73610.04,20766.62
2321,2024-12-14,East,Consumer,Clothing,Jacket,1,650.9368577442444,0.0,650.94,368.54,282.4
2322,2024-03-03,North,Corporate,Electronics,Smartwatch,4,5060.260380579673,0.2,16192.83,10875.12,5317.71
2323,2024-08-16,East,Corporate,Furniture,Office Chair,3,7970.98562651845,0.1,21521.66,12770.17,8751.49
2324,2024-10-13,Central,Corporate,Electronics,Laptop,3,53529.203406759065,0.0,160587.61,114396.13,46191.48
2325,2024-09-27,North,Corporate,Clothing,Sneakers,4,1227.9865163988884,0.0,4911.95,3493.29,1418.66
2326,2024-03-24,North,Corporate,Groceries,Snacks Pack,4,490.0101647966295,0.1,1764.04,1052.27,711.77
2327,2024-01-28,Central,Consumer,Electronics,Tablet,3,10923.162537499278,0.1,29492.54,22513.3,6979.24
2328,2024-07-10,South,Corporate,Electronics,Smartphone,4,22872.01639252789,0.2,73190.45,54856.06,18334.39
2329,2024-12-03,North,Consumer,Clothing,Jeans,3,1190.8583810509817,0.1,3215.32,1795.22,1420.1
2330,2024-10-01,Central,Consumer,Furniture,Bookshelf,5,19219.092462808563,0.0,96095.46,76627.43,19468.03
2331,2024-03-09,North,Consumer,Clothing,T-Shirt,4,1848.3203074683909,0.05,7023.62,5103.51,1920.11
2332,2024-06-08,East,Small Business,Groceries,Snacks Pack,3,112.63458807671651,0.2,270.32,164.42,105.9
2333,2024-06-20,East,Small Business,Groceries,Tea 250g,5,144.96187038197363,0.0,724.81,550.13,174.68
2334,2024-04-18,North,Corporate,Groceries,Snacks Pack,1,395.5964764057125,0.15,336.26,192.91,143.35
2335,2024-01-29,North,Consumer,Clothing,T-Shirt,4,1546.6668757070229,0.0,6186.67,4732.02,1454.65
2336,2024-08-07,Central,Consumer,Electronics,Tablet,1,8159.093458336703,0.05,7751.14,5605.21,2145.93
2337,2024-12-15,Central,Small Business,Furniture,Sofa,3,2275.798612649871,0.15,5803.29,4163.54,1639.75
2338,2024-08-31,Central,Small Business,Clothing,Jeans,3,625.5650809503873,0.0,1876.7,1412.62,464.08
2339,2024-04-12,South,Corporate,Furniture,Study Table,2,23195.93989877006,0.15,39433.1,26865.37,12567.73
2340,2024-10-12,South,Consumer,Electronics,Headphones,3,5094.703088589147,0.0,15284.11,11200.87,4083.24
2341,2024-09-09,West,Corporate,Clothing,T-Shirt,5,2200.809211367965,0.0,11004.05,6779.5,4224.55
2342,2024-01-28,Central,Consumer,Electronics,Laptop,2,16723.10523056788,0.0,33446.21,20939.77,12506.44
2343,2024-01-27,North,Corporate,Electronics,Headphones,4,20452.065570586597,0.1,73627.44,58699.12,14928.32
2344,2024-01-25,West,Consumer,Electronics,Headphones,2,57499.68403588845,0.0,114999.37,63858.16,51141.21
2345,2024-08-13,South,Consumer,Electronics,Smartwatch,2,59890.611781543776,0.05,113792.16,69086.27,44705.89
2346,2024-01-07,East,Consumer,Electronics,Headphones,3,25751.46082288176,0.15,65666.23,43494.71,22171.52
2347,2024-04-04,Central,Consumer,Electronics,Tablet,3,8873.224794124297,0.2,21295.74,14826.83,6468.91
2348,2024-05-28,West,Corporate,Clothing,Sneakers,3,1470.6319833678047,0.0,4411.9,3263.0,1148.9
2349,2024-12-29,South,Consumer,Electronics,Tablet,1,23980.41325489568,0.1,21582.37,15669.25,5913.12
2350,2024-02-21,Central,Consumer,Electronics,Smartwatch,5,29127.563737740253,0.0,145637.82,89684.9,55952.92
2351,2024-10-09,Central,Consumer,Furniture,Study Table,2,5760.981877541555,0.1,10369.77,8221.67,2148.1
2352,2024-10-20,West,Small Business,Clothing,T-Shirt,5,1521.842078860744,0.1,6848.29,4532.85,2315.44
2353,2024-10-23,Central,Consumer,Furniture,Office Chair,2,13327.76814167358,0.15,22657.21,13478.22,9178.99
2354,2024-09-15,West,Consumer,Clothing,Sneakers,2,2007.9687516912438,0.0,4015.94,2537.99,1477.95
2355,2024-02-27,West,Consumer,Furniture,Study Table,1,5594.553498025842,0.05,5314.83,3289.75,2025.08
2356,2024-05-02,East,Consumer,Electronics,Laptop,3,57905.78691791681,0.05,165031.49,106928.38,58103.11
2357,2024-02-12,West,Consumer,Clothing,Jacket,2,1999.6761644542644,0.0,3999.35,2572.81,1426.54
2358,2024-09-16,West,Consumer,Groceries,Rice 5kg,5,110.82805116792801,0.0,554.14,328.03,226.11
2359,2024-09-03,South,Consumer,Electronics,Tablet,2,33891.162534938776,0.0,67782.33,47606.8,20175.53
2360,2024-08-13,East,Consumer,Clothing,T-Shirt,4,747.0078609799605,0.0,2988.03,1810.43,1177.6
2361,2024-06-16,South,Small Business,Electronics,Smartphone,3,40938.326198678566,0.0,122814.98,81175.66,41639.32
2362,2024-05-25,East,Small Business,Groceries,Cooking Oil 1L,3,443.50461438424935,0.15,1130.94,631.89,499.05
2363,2024-07-05,Central,Corporate,Groceries,Cooking Oil 1L,1,571.2831331333745,0.15,485.59,287.61,197.98
2364,2024-11-06,West,Consumer,Furniture,Office Chair,5,21900.648126274853,0.1,98552.92,62277.98,36274.94
2365,2024-08-01,East,Corporate,Electronics,Headphones,5,23096.032141870535,0.15,98158.14,70850.91,27307.23
2366,2024-06-18,South,Consumer,Groceries,Rice 5kg,2,330.4847457685393,0.05,627.92,387.52,240.4
2367,2024-05-29,North,Consumer,Furniture,Office Chair,1,19608.585224051636,0.0,19608.59,13094.71,6513.88
2368,2024-04-17,South,Consumer,Clothing,T-Shirt,2,2011.8384028528985,0.05,3822.49,2917.31,905.18
2369,2024-05-25,West,Corporate,Clothing,Jeans,4,1313.8185342680608,0.05,4992.51,3422.56,1569.95
2370,2024-01-16,North,Consumer,Clothing,T-Shirt,5,1565.3972287811864,0.0,7826.99,6067.75,1759.24
2371,2024-06-11,South,Consumer,Electronics,Laptop,4,16819.864582034465,0.05,63915.49,50771.72,13143.77
2372,2024-06-07,South,Consumer,Groceries,Snacks Pack,3,599.9400841828439,0.1,1619.84,1088.24,531.6
2373,2024-06-12,East,Consumer,Electronics,Tablet,4,15666.126556612377,0.05,59531.28,33222.73,26308.55
2374,2024-07-25,South,Consumer,Groceries,Cooking Oil 1L,3,284.4901137512968,0.1,768.12,447.68,320.44
2375,2024-07-30,East,Small Business,Groceries,Cooking Oil 1L,3,540.0834604889004,0.0,1620.25,1113.28,506.97
2376,2024-05-15,North,Consumer,Electronics,Laptop,5,50557.3838546445,0.0,252786.92,150395.8,102391.12
2377,2024-02-22,West,Corporate,Groceries,Tea 250g,3,507.28462708396273,0.0,1521.85,991.36,530.49
2378,2024-12-07,East,Small Business,Furniture,Sofa,1,3416.8844291280284,0.05,3246.04,2274.78,971.26
2379,2024-07-06,Central,Consumer,Clothing,Jeans,4,3477.5284892197933,0.05,13214.61,7425.12,5789.49
2380,2024-09-22,West,Consumer,Clothing,T-Shirt,2,1761.1898960761139,0.2,2817.9,1961.72,856.18
2381,2024-03-09,Central,Small Business,Furniture,Office Chair,3,22320.168257383597,0.0,66960.5,40041.07,26919.43
2382,2024-12-14,West,Corporate,Groceries,Snacks Pack,3,302.19901549786596,0.0,906.6,593.57,313.03
2383,2024-10-24,West,Corporate,Groceries,Snacks Pack,5,161.76417629323714,0.0,808.82,599.64,209.18
2384,2024-05-09,East,Consumer,Furniture,Bookshelf,1,10706.457371576247,0.0,10706.46,7259.86,3446.6
2385,2024-01-23,Central,Consumer,Groceries,Rice 5kg,5,219.92169720105633,0.0,1099.61,664.84,434.77
2386,2024-11-08,South,Small Business,Clothing,Jeans,2,723.5336944816238,0.1,1302.36,919.93,382.43
2387,2024-05-21,West,Consumer,Electronics,Laptop,4,5225.703551720981,0.05,19857.67,12155.62,7702.05
2388,2024-07-26,North,Consumer,Clothing,Sneakers,3,3308.109036015806,0.0,9924.33,7887.28,2037.05
2389,2024-12-08,Central,Consumer,Furniture,Study Table,4,14388.802902853977,0.15,48921.93,34540.57,14381.36
2390,2024-06-05,North,Consumer,Groceries,Cooking Oil 1L,2,219.0617761176855,0.05,416.22,238.24,177.98
2391,2024-10-30,South,Consumer,Groceries,Cooking Oil 1L,2,495.42334804294745,0.05,941.3,648.46,292.84
2392,2024-07-07,Central,Corporate,Electronics,Smartphone,2,41102.03934758249,0.0,82204.08,57846.69,24357.39
2393,2024-02-07,East,Consumer,Furniture,Sofa,5,19409.596621357883,0.2,77638.39,50700.05,26938.34
2394,2024-08-08,South,Consumer,Clothing,Jacket,4,2717.946209258808,0.0,10871.78,6329.37,4542.41
2395,2024-11-03,West,Consumer,Electronics,Tablet,3,55297.84609890579,0.15,141009.51,85402.86,55606.65
2396,2024-08-04,West,Corporate,Electronics,Laptop,3,44355.776686592355,0.0,133067.33,76354.64,56712.69
2397,2024-05-15,Central,Consumer,Electronics,Tablet,4,58460.33583229508,0.05,222149.28,171849.18,50300.1
2398,2024-04-15,West,Consumer,Clothing,Jacket,5,3727.171099071358,0.2,14908.68,10369.57,4539.11
2399,2024-06-02,East,Consumer,Clothing,T-Shirt,2,1863.707475876913,0.0,3727.41,2574.63,1152.78
2400,2024-04-20,West,Corporate,Clothing,Jacket,5,1381.558947352342,0.15,5871.63,4327.51,1544.12
2401,2024-06-19,North,Corporate,Clothing,Jacket,1,3476.3165305088314,0.15,2954.87,2106.28,848.59
2402,2024-12-29,South,Small Business,Electronics,Laptop,4,38582.64630870553,0.0,154330.59,120927.81,33402.78
2403,2024-11-09,North,Consumer,Clothing,Jacket,2,1036.6024435283402,0.1,1865.88,1386.28,479.6
2404,2024-01-08,South,Corporate,Furniture,Sofa,1,9475.86299409374,0.1,8528.28,4901.56,3626.72
2405,2024-06-26,West,Small Business,Groceries,Tea 250g,3,227.47589961392822,0.0,682.43,533.97,148.46
2406,2024-05-15,North,Consumer,Electronics,Tablet,5,16290.954626744686,0.0,81454.77,52033.98,29420.79
2407,2024-09-08,South,Consumer,Groceries,Snacks Pack,4,413.2180000346604,0.05,1570.23,1189.2,381.03
2408,2024-05-30,West,Consumer,Clothing,T-Shirt,3,2130.680654291213,0.1,5752.84,4534.68,1218.16
2409,2024-11-24,West,Consumer,Clothing,Sneakers,5,626.2266518336492,0.05,2974.58,1814.52,1160.06
2410,2024-09-05,North,Consumer,Clothing,T-Shirt,5,2562.1541761780127,0.0,12810.77,9366.66,3444.11
2411,2024-04-30,Central,Corporate,Furniture,Study Table,4,2812.8440260236925,0.1,10126.24,6058.95,4067.29
2412,2024-11-28,North,Consumer,Electronics,Smartwatch,4,59857.92575144232,0.1,215488.53,134820.65,80667.88
2413,2024-11-02,Central,Corporate,Clothing,Jacket,1,2572.6379491336493,0.2,2058.11,1318.0,740.11
2414,2024-09-30,South,Consumer,Clothing,Jeans,2,973.1220197581375,0.05,1848.93,1447.78,401.15
2415,2024-05-05,West,Consumer,Groceries,Rice 5kg,1,394.57729256558025,0.05,374.85,242.77,132.08
2416,2024-02-14,South,Consumer,Clothing,Jacket,4,1615.4625174803177,0.15,5492.57,3985.76,1506.81
2417,2024-08-22,North,Consumer,Furniture,Office Chair,2,9494.475948986972,0.1,17090.06,9997.6,7092.46
2418,2024-10-30,South,Consumer,Clothing,T-Shirt,4,2346.1553418003828,0.0,9384.62,6889.37,2495.25
2419,2024-03-10,North,Consumer,Clothing,Jacket,2,3063.3388037975565,0.05,5820.34,4062.09,1758.25
2420,2024-03-27,East,Consumer,Clothing,Sneakers,5,2348.7882791645775,0.1,10569.55,7392.03,3177.52
2421,2024-02-13,North,Consumer,Clothing,Jacket,1,778.4164418761603,0.05,739.5,481.06,258.44
2422,2024-10-22,Central,Consumer,Electronics,Smartwatch,5,49177.4643059676,0.05,233592.96,184223.78,49369.18
2423,2024-10-27,North,Consumer,Electronics,Laptop,3,52801.825905502985,0.0,158405.48,113662.76,44742.72
2424,2024-04-10,West,Corporate,Clothing,Sneakers,5,2697.1708328941445,0.2,10788.68,7104.15,3684.53
2425,2024-08-11,West,Corporate,Electronics,Laptop,1,57617.16256389378,0.05,54736.3,30163.47,24572.83
2426,2024-05-06,Central,Consumer,Groceries,Tea 250g,2,273.0324234733549,0.0,546.06,349.08,196.98
2427,2024-08-26,North,Consumer,Electronics,Smartphone,2,39158.73118409535,0.0,78317.46,50319.5,27997.96
2428,2024-07-16,South,Corporate,Electronics,Headphones,4,57516.18976526468,0.0,230064.76,130943.54,99121.22
2429,2024-02-24,Central,Corporate,Clothing,Jeans,5,3013.337127792046,0.1,13560.02,8850.5,4709.52
2430,2024-06-12,Central,Consumer,Clothing,T-Shirt,2,3875.1990312333683,0.05,7362.88,4571.32,2791.56
2431,2024-02-15,East,Corporate,Clothing,Sneakers,1,1419.8903075189282,0.0,1419.89,991.1,428.79
2432,2024-08-30,North,Small Business,Electronics,Headphones,2,33382.57295907941,0.1,60088.63,44915.84,15172.79
2433,2024-04-05,North,Consumer,Furniture,Sofa,5,9354.35234799271,0.15,39756.0,27333.31,12422.69
2434,2024-07-02,South,Corporate,Electronics,Headphones,1,9286.248726520538,0.0,9286.25,6185.51,3100.74
2435,2024-08-22,North,Small Business,Clothing,T-Shirt,3,1950.0334318115129,0.15,4972.59,3708.27,1264.32
2436,2024-01-30,North,Corporate,Furniture,Bookshelf,4,2841.860992504443,0.0,11367.44,8849.8,2517.64
2437,2024-05-03,Central,Consumer,Electronics,Smartphone,3,10613.308304452927,0.1,28655.93,21636.81,7019.12
2438,2024-04-16,West,Small Business,Groceries,Cooking Oil 1L,4,250.9330639343198,0.05,953.55,624.58,328.97
2439,2024-08-15,Central,Small Business,Groceries,Tea 250g,2,402.37168526412756,0.05,764.51,447.75,316.76
2440,2024-09-26,Central,Consumer,Electronics,Smartwatch,5,6111.437830946768,0.1,27501.47,20950.72,6550.75
2441,2024-12-28,Central,Consumer,Groceries,Tea 250g,5,109.7053792717892,0.0,548.53,321.34,227.19
2442,2024-12-29,North,Small Business,Clothing,T-Shirt,1,3111.6429961651,0.05,2956.06,2071.71,884.35
2443,2024-04-18,South,Consumer,Groceries,Cooking Oil 1L,2,572.1290167556957,0.1,1029.83,688.32,341.51
2444,2024-07-19,East,Corporate,Electronics,Laptop,5,26377.13322588009,0.2,105508.53,62075.77,43432.76
2445,2024-10-18,Central,Corporate,Clothing,T-Shirt,5,1941.0969351385415,0.0,9705.48,7658.07,2047.41
2446,2024-06-17,South,Consumer,Clothing,T-Shirt,2,1909.3942505972132,0.1,3436.91,2195.11,1241.8
2447,2024-08-28,South,Consumer,Groceries,Snacks Pack,1,368.10351266203696,0.15,312.89,176.12,136.77
2448,2024-12-23,South,Corporate,Electronics,Smartwatch,4,4719.1212673834925,0.0,18876.49,14719.27,4157.22
2449,2024-11-28,West,Consumer,Clothing,Jeans,3,3774.141795239952,0.1,10190.18,7176.98,3013.2
2450,2024-06-05,South,Corporate,Furniture,Bookshelf,4,23105.293809003153,0.05,87800.12,63161.44,24638.68
2451,2024-10-05,South,Consumer,Clothing,Jeans,5,2605.630204426795,0.0,13028.15,10178.39,2849.76
2452,2024-02-04,East,,Electronics,Smartphone,1,28838.763861971238,0.0,28838.76,21111.41,7727.35
2453,2024-11-19,South,Consumer,Clothing,T-Shirt,5,668.125431782951,0.1,3006.56,1935.71,1070.85
2454,2024-02-22,North,Consumer,Clothing,Jeans,3,1003.2969399664702,0.2,2407.91,1560.06,847.85
2455,2024-09-17,North,Corporate,Groceries,Rice 5kg,1,409.77374123533576,0.15,348.31,215.43,132.88
2456,2024-09-01,East,Corporate,Groceries,Cooking Oil 1L,2,136.57781032569773,0.05,259.5,200.82,58.68
2457,2024-07-15,North,Consumer,Electronics,Smartwatch,2,30192.445772862353,0.1,54346.4,29890.8,24455.6
2458,2024-05-07,Central,Consumer,Clothing,Sneakers,4,1906.5998936806218,0.0,7626.4,5731.67,1894.73
2459,2024-02-16,South,Consumer,Electronics,Smartphone,5,34114.04111909628,0.15,144984.67,82107.43,62877.24
2460,2024-11-13,East,Consumer,Electronics,Tablet,3,34353.6958654935,0.0,103061.09,60852.78,42208.31
2461,2024-02-01,East,Consumer,Furniture,Study Table,1,22361.338654694715,0.0,22361.34,14273.72,8087.62
2462,2024-10-26,South,Corporate,Clothing,Jeans,1,2717.543019830158,0.05,2581.67,1884.36,697.31
2463,2024-07-21,South,Small Business,Clothing,T-Shirt,2,2618.626216849686,0.0,5237.25,3139.73,2097.52
2464,2024-08-05,South,Consumer,Clothing,T-Shirt,5,2740.1212632533748,0.05,13015.58,7274.12,5741.46
2465,2024-01-06,West,Consumer,Groceries,Cooking Oil 1L,2,550.2934911766998,0.0,1100.59,626.73,473.86
2466,2024-06-19,South,Consumer,Electronics,Headphones,2,27651.115655301604,0.0,55302.23,41184.45,14117.78
2467,2024-10-31,East,Consumer,Electronics,Laptop,1,34829.12715633835,0.0,34829.13,26253.7,8575.43
2468,2024-01-12,East,Consumer,Furniture,Bookshelf,2,6780.846864574946,0.15,11527.44,7486.28,4041.16
2469,2024-09-01,East,Corporate,Electronics,Smartphone,4,58781.18914177578,0.15,199856.04,118256.73,81599.31
2470,2024-06-26,West,Corporate,Electronics,Smartwatch,5,10597.407701360295,0.0,52987.04,38375.73,14611.31
2471,2024-02-11,West,Corporate,Clothing,Sneakers,1,2029.919624589696,0.0,2029.92,1524.97,504.95
2472,2024-04-24,South,Corporate,Clothing,Sneakers,2,1667.7324005998603,0.0,3335.46,2521.09,814.37
2473,2024-11-20,South,Corporate,Groceries,Snacks Pack,1,261.8223839142295,0.0,261.82,186.63,75.19
2474,2024-02-22,Central,Corporate,Electronics,Smartphone,3,40158.1908487862,0.15,102403.39,75073.56,27329.83
2475,2024-03-04,East,Corporate,Furniture,Office Chair,3,4322.167658547626,0.05,12318.18,7779.09,4539.09
2476,2024-06-06,Central,Consumer,Electronics,Smartphone,5,55563.10181657,0.1,250033.96,195430.26,54603.7
2477,2024-06-06,West,Small Business,Furniture,Sofa,3,23385.520798535938,0.2,56125.25,42025.25,14100.0
2478,2024-03-23,South,Corporate,Furniture,Bookshelf,1,10957.377105314245,0.05,10409.51,6287.45,4122.06
2479,2024-03-13,East,Consumer,Electronics,Tablet,4,48128.22978472886,0.0,192512.92,124833.1,67679.82
2480,2024-03-11,North,Corporate,Clothing,Sneakers,5,1305.40331176385,0.05,6200.67,4127.55,2073.12
2481,2024-08-09,West,Corporate,Furniture,Office Chair,2,5177.517033945716,0.05,9837.28,7188.68,2648.6
2482,2024-06-01,East,Small Business,Clothing,Jeans,3,1789.3463329525391,0.0,5368.04,2983.62,2384.42
2483,2024-04-01,West,Consumer,Groceries,Snacks Pack,5,476.17072743744956,0.05,2261.81,1679.59,582.22
2484,2024-03-11,North,Consumer,Clothing,Jacket,4,2259.620775346833,0.15,7682.71,5116.95,2565.76
2485,2024-09-01,North,Consumer,Electronics,Headphones,2,34689.635320567555,0.1,62441.34,42996.87,19444.47
2486,2024-09-15,East,Consumer,Groceries,Snacks Pack,4,453.0582837557588,0.15,1540.4,1003.8,536.6
2487,2024-06-02,North,Corporate,Electronics,Tablet,2,14067.411154351495,0.1,25321.34,18904.27,6417.07
2488,2024-09-25,North,Consumer,Clothing,Jeans,4,2690.090513359696,0.05,10222.34,5930.4,4291.94
2489,2024-10-12,East,Corporate,Furniture,Bookshelf,4,13729.973884863246,0.0,54919.9,32035.65,22884.25
2490,2024-06-03,North,Corporate,Clothing,Jeans,5,3084.2869798204797,0.1,13879.29,8693.6,5185.69
2491,2024-07-15,West,Small Business,Electronics,Laptop,4,32135.082434040643,0.05,122113.31,73167.31,48946.0
2492,2024-10-27,North,Small Business,Electronics,Smartphone,1,6497.012795864231,0.0,6497.01,4841.03,1655.98
2493,2024-04-08,South,Consumer,Electronics,Laptop,3,27902.87597567987,0.0,83708.63,58146.13,25562.5
2494,2024-02-12,East,Consumer,Furniture,Study Table,3,11361.373405141676,0.0,34084.12,20730.53,13353.59
2495,2024-02-22,Central,Consumer,Electronics,Headphones,3,44127.12958311388,0.0,132381.39,100498.57,31882.82
2496,2024-08-27,North,Consumer,Clothing,Jeans,3,2648.151601987435,0.15,6752.79,4222.94,2529.85
2497,2024-07-06,North,Corporate,Clothing,Jacket,2,1562.5212192784265,0.15,2656.29,1547.37,1108.92
2498,2024-03-02,Central,,Groceries,Tea 250g,3,271.3287088995861,0.0,813.99,533.97,280.02
2499,2024-07-14,South,Corporate,Clothing,T-Shirt,2,3412.5435983122225,0.05,6483.83,4127.25,2356.58
2500,2024-08-02,South,Corporate,Furniture,Office Chair,2,5946.223706552128,0.2,9513.96,6764.45,2749.51
2501,2024-04-03,East,Consumer,Groceries,Cooking Oil 1L,3,94.3084396727383,0.0,282.93,212.99,69.94
2502,2024-11-23,North,Small Business,Clothing,Sneakers,3,687.2048011956456,0.0,2061.61,1373.39,688.22
2503,2024-09-03,South,Consumer,Electronics,Laptop,5,49581.28172139999,0.2,198325.13,132175.7,66149.43
2504,2024-03-16,west,Small Business,Groceries,Snacks Pack,1,507.49742063451185,0.0,507.5,296.16,211.34
2505,2024-08-11,North,Small Business,Electronics,Headphones,5,19756.271570282213,0.1,88903.22,70765.13,18138.09
2506,2024-02-04,West,Consumer,Electronics,Smartwatch,4,10671.47476582551,0.2,34148.72,24010.19,10138.53
2507,2024-05-21,Central,Small Business,Clothing,T-Shirt,4,2153.3594780918675,0.1,7752.09,5824.94,1927.15
2508,2024-01-31,South,Consumer,Groceries,Snacks Pack,5,573.68096515966,0.1,2581.56,1887.82,693.74
2509,2024-02-24,North,Corporate,Clothing,Jacket,2,3847.05027155782,0.1,6924.69,5084.99,1839.7
2510,2024-09-18,West,Small Business,Electronics,Smartphone,3,46120.26261869489,0.15,117606.67,75795.56,41811.11
2511,2024-09-15,North,Corporate,Groceries,Cooking Oil 1L,2,391.6819410451529,0.0,783.36,550.34,233.02
2512,2024-04-02,North,Consumer,Electronics,Smartphone,5,19505.90258757701,0.1,87776.56,67279.76,20496.8
2513,2024-09-18,West,Corporate,Furniture,Bookshelf,4,23118.797820901807,0.05,87851.43,49254.2,38597.23
2514,2024-09-27,North,Corporate,Clothing,Sneakers,4,2736.4185313426374,0.0,10945.67,7501.41,3444.26
2515,2024-10-30,South,Consumer,Electronics,Laptop,3,20239.135810115687,0.1,54645.67,31923.06,22722.61
2516,2024-02-26,East,Consumer,Clothing,Jeans,1,3992.434633920866,0.0,3992.43,2361.14,1631.29
2517,2024-03-09,South,Small Business,Clothing,Jeans,5,1548.3775870230595,0.0,7741.89,5734.9,2006.99
2518,2024-11-22,East,Small Business,Electronics,Tablet,2,52080.05734208837,0.1,93744.1,70793.11,22950.99
2519,2024-04-10,South,Corporate,Electronics,Smartphone,2,50803.88093645116,0.1,91446.99,59767.06,31679.93
2520,2024-05-26,West,Small Business,Electronics,Tablet,5,3898.252067524989,0.05,18516.7,13886.87,4629.83
2521,2024-05-29,Central,Consumer,Clothing,Jacket,4,860.6612617665727,0.0,3442.65,2177.52,1265.13
2522,2024-04-28,East,Consumer,Electronics,Smartwatch,1,20729.51156416591,0.0,20729.51,12092.13,8637.38
2523,2024-02-28,East,Corporate,Furniture,Study Table,2,3121.4362721745792,0.0,6242.87,4075.72,2167.15
2524,2024-06-08,South,Consumer,Furniture,Bookshelf,5,22954.565298850415,0.0,114772.83,80455.4,34317.43
2525,2024-03-23,East,Small Business,Groceries,Snacks Pack,3,379.908764768863,0.0,1139.73,859.68,280.05
2526,2024-11-09,North,Small Business,Electronics,Laptop,1,34185.54522045693,0.1,30766.99,17072.63,13694.36
2527,2024-05-11,North,Corporate,Clothing,Jeans,4,530.9350014900377,0.15,1805.18,1164.84,640.34
2528,2024-12-12,North,Corporate,Electronics,Smartphone,5,24969.72901215832,0.1,112363.78,87926.73,24437.05
2529,2024-10-22,North,Corporate,Groceries,Rice 5kg,2,190.78278327942027,0.0,381.57,275.89,105.68
2530,2024-02-10,South,Consumer,Groceries,Cooking Oil 1L,4,281.8264235047694,0.05,1070.94,608.81,462.13
2531,2024-09-20,West,Consumer,Groceries,Cooking Oil 1L,3,315.2898036050214,0.05,898.58,650.47,248.11
2532,2024-06-24,East,Corporate,Electronics,Smartwatch,3,27971.241272968884,0.05,79718.04,57931.14,21786.9
2533,2024-01-17,South,Corporate,Furniture,Sofa,5,4674.4132943438435,0.0,23372.07,14469.61,8902.46
2534,2024-03-22,West,Consumer,Electronics,Smartwatch,4,27190.782251027802,0.0,108763.13,70012.5,38750.63
2535,2024-03-23,West,Consumer,Clothing,T-Shirt,5,2123.248915120629,0.0,10616.24,6522.73,4093.51
2536,2024-11-22,East,Small Business,Furniture,Bookshelf,1,6484.171174845309,0.0,6484.17,4099.75,2384.42
2537,2024-06-13,Central,Corporate,Furniture,Study Table,2,11332.298850947349,0.0,22664.6,16349.4,6315.2
2538,2024-01-27,East,Consumer,Electronics,Tablet,5,21182.614245098917,0.0,105913.07,59400.11,46512.96
2539,2024-06-03,South,Consumer,Clothing,T-Shirt,4,3093.1068995371597,0.0,12372.43,7189.34,5183.09
2540,2024-05-23,North,Consumer,Groceries,Tea 250g,5,144.223664608039,0.0,721.12,546.03,175.09
2541,2024-05-29,South,Small Business,Groceries,Snacks Pack,4,372.24443391307193,0.15,1265.63,704.79,560.84
2542,2024-06-28,East,Consumer,Electronics,Tablet,5,49132.87897496548,0.1,221097.96,128041.91,93056.05
2543,2024-11-29,West,Consumer,Furniture,Bookshelf,2,19945.36744449142,0.1,35901.66,24520.29,11381.37
2544,2024-08-12,East,Consumer,Clothing,Sneakers,4,922.9400117493909,0.1,3322.58,2238.76,1083.82
2545,2024-06-12,East,Small Business,Electronics,Smartwatch,1,15937.552754965038,0.05,15140.68,10756.93,4383.75
2546,2024-08-16,North,Consumer,Furniture,Sofa,2,13411.232816403855,0.05,25481.34,17292.51,8188.83
2547,2024-11-04,North,Corporate,Groceries,Rice 5kg,3,366.93653756665327,0.05,1045.77,753.48,292.29
2548,2024-07-15,North,Consumer,Clothing,Jacket,2,3144.7872712339736,0.15,5346.14,3205.14,2141.0
2549,2024-01-18,East,Corporate,Electronics,Smartwatch,5,39036.203079836385,0.0,195181.02,118894.97,76286.05
2550,2024-02-02,South,Consumer,Furniture,Sofa,5,2452.2395694452807,0.15,10422.02,6174.66,4247.36
2551,2024-03-09,Central,Corporate,Groceries,Cooking Oil 1L,3,198.69740259863724,0.15,506.68,290.02,216.66
2552,2024-05-08,North,Consumer,Groceries,Cooking Oil 1L,3,395.5234620626705,0.0,1186.57,807.87,378.7
2553,2024-11-07,South,Consumer,Electronics,Headphones,2,22215.11012831279,0.1,39987.2,29109.18,10878.02
2554,2024-10-11,Central,Corporate,Clothing,Jacket,3,2901.1270601717424,0.0,8703.38,5224.86,3478.52
2555,2024-12-23,Central,Small Business,Groceries,Cooking Oil 1L,2,135.57687931603587,0.0,271.15,184.31,86.84
2556,2024-03-02,Central,Consumer,Furniture,Office Chair,4,5843.709321602216,0.1,21037.35,13720.79,7316.56
2557,2024-03-15,South,Consumer,Clothing,Sneakers,2,2198.0153895723142,0.0,4396.03,2791.43,1604.6
2558,2024-06-04,South,Consumer,Electronics,Smartphone,3,58810.61754504744,0.15,149967.07,88202.93,61764.14
2559,2024-03-16,West,Consumer,Electronics,Smartwatch,5,59297.65551727011,0.15,252015.04,185007.5,67007.54
2560,2024-06-30,Central,Corporate,Clothing,Jeans,3,3257.185034912318,0.1,8794.4,4934.63,3859.77
2561,2024-08-06,East,Consumer,Groceries,Snacks Pack,1,521.572293204975,0.1,469.42,352.78,116.64
2562,2024-02-07,North,Small Business,Electronics,Headphones,5,42890.251597596354,0.1,193006.13,119261.71,73744.42
2563,2024-06-06,South,Consumer,Furniture,Study Table,1,13243.53969684431,0.1,11919.19,7190.88,4728.31
2564,2024-10-12,South,Corporate,Groceries,Snacks Pack,4,150.7742267979449,0.05,572.94,392.14,180.8
2565,2024-10-12,West,Corporate,Furniture,Bookshelf,2,23201.1953994489,0.0,46402.39,29161.77,17240.62
2566,2024-02-11,South,Corporate,Groceries,Cooking Oil 1L,2,464.6529223871607,0.15,789.91,495.93,293.98
2567,2024-05-12,West,Small Business,Clothing,Jeans,3,524.1629908460333,0.0,1572.49,1122.03,450.46
2568,2024-10-08,Central,Consumer,Clothing,Sneakers,5,1059.9629520098588,0.0,5299.81,4097.13,1202.68
2569,2024-07-07,Central,Consumer,Furniture,Office Chair,3,9754.79529570851,0.2,23411.51,14521.87,8889.64
2570,2024-08-06,West,Corporate,Groceries,Tea 250g,1,543.6407626895566,0.1,489.28,301.36,187.92
2571,2024-01-25,South,Consumer,Groceries,Cooking Oil 1L,2,275.4119275647503,0.05,523.28,417.8,105.48
2572,2024-07-07,Central,Consumer,Furniture,Sofa,2,20736.12323342983,0.1,37325.02,23618.1,13706.92
2573,2024-01-06,East,Consumer,Clothing,Jacket,2,2364.3551474116557,0.0,4728.71,2717.42,2011.29
2574,2024-08-10,East,Small Business,Clothing,Jacket,1,3137.9129138912845,0.0,3137.91,1794.48,1343.43
2575,2024-10-25,South,Corporate,Groceries,Tea 250g,5,112.07325541188102,0.2,448.29,261.66,186.63
2576,2024-05-04,South,Consumer,Furniture,Bookshelf,1,5586.438215084461,0.15,4748.47,3293.71,1454.76
2577,2024-08-14,Central,Consumer,Electronics,Laptop,2,44469.23129501551,0.0,88938.46,65077.44,23861.02
2578,2024-05-07,South,,Furniture,Office Chair,2,5464.408950018724,0.1,9835.94,7045.68,2790.26
2579,2024-08-17,South,Consumer,Furniture,Bookshelf,3,17689.545218462787,0.0,53068.64,33726.3,19342.34
2580,2024-07-23,North,Consumer,Furniture,Bookshelf,3,15325.883771737046,0.0,45977.65,30243.69,15733.96
2581,2024-10-22,South,Corporate,Furniture,Bookshelf,5,24893.86655028349,0.0,124469.33,82460.15,42009.18
2582,2024-04-28,East,Consumer,Electronics,Tablet,3,7595.931213028047,0.15,19369.62,12003.27,7366.35
2583,2024-01-20,West,Consumer,Electronics,Tablet,4,11123.357961835622,0.0,44493.43,32431.7,12061.73
2584,2024-05-20,South,Consumer,Groceries,Snacks Pack,3,595.5941922567084,0.2,1429.43,831.84,597.59
2585,2024-04-16,North,Corporate,Electronics,Smartwatch,1,59593.89517128624,0.1,53634.51,41466.43,12168.08
2586,2024-08-06,East,Consumer,Electronics,Headphones,3,35282.16453998934,0.15,89969.52,69390.56,20578.96
2587,2024-01-11,South,Consumer,Clothing,T-Shirt,2,1551.2844854127586,0.15,2637.18,2097.95,539.23
2588,2024-03-16,Central,Consumer,Groceries,Cooking Oil 1L,1,216.38810154432826,0.05,205.57,113.6,91.97
2589,2024-02-29,South,Consumer,Electronics,Smartphone,3,12750.47857403353,0.2,30601.15,17722.23,12878.92
2590,2024-11-18,East,Small Business,Clothing,T-Shirt,4,3614.9517564130224,0.0,14459.81,10936.81,3523.0
2591,2024-12-23,South,Consumer,Groceries,Rice 5kg,2,203.23155436330634,0.05,386.14,228.45,157.69
2592,2024-11-09,West,Small Business,Electronics,Tablet,4,55316.39980359865,0.1,199139.04,151572.01,47567.03
2593,2024-10-05,East,Corporate,Electronics,Smartwatch,4,24996.28448807169,0.1,89986.62,59538.68,30447.94
2594,2024-04-22,South,Corporate,Electronics,Smartphone,3,57520.15476300872,0.2,138048.37,106611.17,31437.2
2595,2024-06-28,Central,Corporate,Clothing,Sneakers,1,2949.2361465248746,0.1,2654.31,2011.2,643.11
2596,2024-01-27,Central,Small Business,Electronics,Smartphone,2,3073.8930002035804,0.05,5840.4,3765.17,2075.23
2597,2024-07-29,Central,Consumer,Clothing,Sneakers,5,1768.3922084886885,0.1,7957.76,5449.8,2507.96
2598,2024-03-20,East,Small Business,Electronics,Headphones,2,37532.15574716578,0.05,71311.1,51607.65,19703.45
2599,2024-01-25,North,Consumer,Electronics,Headphones,1,26253.895998768952,0.2,21003.12,12546.25,8456.87
2600,2024-11-03,West,Small Business,Electronics,Headphones,4,32664.065670072996,0.2,104525.01,70827.81,33697.2
2601,2024-04-11,East,Corporate,Electronics,Smartwatch,2,46892.97570652247,0.0,93785.95,62237.17,31548.78
2602,2024-01-09,East,Consumer,Electronics,Headphones,3,56596.769769924016,0.05,161300.79,128276.66,33024.13
2603,2024-09-10,West,Small Business,Groceries,Rice 5kg,4,163.16040012534813,0.0,652.64,371.02,281.62
2604,2024-08-17,South,Consumer,Groceries,Cooking Oil 1L,3,596.1063027936655,0.0,1788.32,1027.56,760.76
2605,2024-03-30,West,Corporate,Electronics,Tablet,3,55046.89763875823,0.1,148626.62,90864.21,57762.41
2606,2024-11-04,West,Corporate,Groceries,Rice 5kg,5,369.0505656192901,0.05,1752.99,1113.16,639.83
2607,2024-08-19,North,Consumer,Groceries,Tea 250g,2,409.6403657222779,0.0,819.28,624.79,194.49
2608,2024-06-15,West,Consumer,Clothing,Sneakers,5,1205.8391929619056,0.2,4823.36,3115.51,1707.85
2609,2024-12-21,North,Consumer,Groceries,Tea 250g,1,301.67952194212796,0.0,301.68,218.83,82.85
2610,2024-02-23,North,Consumer,Groceries,Tea 250g,1,291.7985753699333,0.05,277.21,219.82,57.39
2611,2024-05-24,North,Corporate,Groceries,Tea 250g,5,532.7982686883199,0.05,2530.79,1482.36,1048.43
2612,2024-08-27,West,Consumer,Groceries,Rice 5kg,1,149.80566929301798,0.15,127.33,83.45,43.88
2613,2024-08-07,West,Corporate,Clothing,Jeans,5,2887.84322745607,0.0,14439.22,9830.34,4608.88
2614,2024-01-27,South,Small Business,Clothing,Jacket,3,3808.6437837068797,0.1,10283.34,6929.78,3353.56
2615,2024-07-25,South,Consumer,Furniture,Office Chair,3,6744.833547406265,0.15,17199.33,13740.51,3458.82
2616,2024-03-19,South,Small Business,Groceries,Cooking Oil 1L,5,465.8819565661771,0.05,2212.94,1419.78,793.16
2617,2024-01-12,East,Consumer,Electronics,Smartwatch,4,29781.45050725253,0.0,119125.8,70501.17,48624.63
2618,2024-06-22,West,Corporate,Groceries,Tea 250g,2,565.2072361225487,0.15,960.85,728.1,232.75
2619,2024-01-14,west,Consumer,Electronics,Tablet,3,40650.35146261243,0.2,97560.84,74034.19,23526.65
2620,2024-01-06,East,Consumer,Furniture,Study Table,3,6971.109109531687,0.05,19867.66,10974.88,8892.78
2621,2024-02-19,Central,Small Business,Electronics,Laptop,2,36324.32690471309,0.0,72648.65,55185.68,17462.97
2622,2024-10-25,West,Corporate,Clothing,T-Shirt,3,3514.434895148838,0.1,9488.97,7019.81,2469.16
2623,2024-11-07,Central,Small Business,Electronics,Smartphone,4,34594.13474859741,0.15,117620.06,72810.43,44809.63
2624,2024-03-15,West,Consumer,Groceries,Tea 250g,2,538.9380972249671,0.15,916.19,706.99,209.2
2625,2024-02-23,West,Small Business,Electronics,Smartwatch,1,54097.19767429194,0.2,43277.76,33836.19,9441.57
2626,2024-11-24,North,Consumer,Clothing,T-Shirt,1,2649.186101319407,0.0,2649.19,1950.62,698.57
2627,2024-04-29,East,Corporate,Furniture,Bookshelf,4,10517.683794025601,0.2,33656.59,25121.97,8534.62
2628,2024-01-10,East,Consumer,Electronics,Smartwatch,1,32746.090174772573,0.0,32746.09,20996.27,11749.82
2629,2024-11-05,North,Corporate,Groceries,Rice 5kg,5,216.42947219828997,0.0,1082.15,775.83,306.32
2630,2024-05-21,West,Consumer,Clothing,Sneakers,5,1571.8032502821131,0.0,7859.02,5304.03,2554.99
2631,2024-10-13,North,Consumer,Clothing,Jacket,2,1759.2920587672736,0.1,3166.73,2527.86,638.87
2632,2024-10-09,West,Consumer,Groceries,Tea 250g,3,549.4031410623287,0.0,1648.21,1095.98,552.23
2633,2024-07-31,West,Consumer,Clothing,Sneakers,1,2800.641134446238,0.1,2520.58,1770.76,749.82
2634,2024-10-11,South,Consumer,Groceries,Tea 250g,1,316.49553847870385,0.15,269.02,177.72,91.3
2635,2024-02-28,East,Consumer,Electronics,Smartwatch,1,43308.861289684675,0.0,43308.86,29915.38,13393.48
2636,2024-10-22,Central,Corporate,Furniture,Office Chair,1,24697.235241540904,0.0,24697.24,14306.41,10390.83
2637,2024-11-28,East,Small Business,Clothing,Sneakers,5,1279.3176028858247,0.05,6076.76,4020.69,2056.07
2638,2024-11-30,East,Consumer,Groceries,Cooking Oil 1L,3,360.81725638734173,0.2,865.96,497.64,368.32
2639,2024-05-15,West,Consumer,Electronics,Headphones,2,44717.365801243366,0.1,80491.26,61326.95,19164.31
2640,2024-12-02,South,Consumer,Clothing,Jacket,1,2974.487708049524,0.0,2974.49,2152.89,821.6
2641,2024-03-28,South,Corporate,Clothing,Sneakers,3,789.0474987258199,0.0,2367.14,1662.06,705.08
2642,2024-05-24,North,Consumer,Electronics,Laptop,4,53699.96226951406,0.0,214799.85,162454.11,52345.74
2643,2024-04-07,Central,Consumer,Groceries,Tea 250g,5,167.4640767462704,0.0,837.32,581.44,255.88
2644,2024-10-03,South,Small Business,Furniture,Study Table,3,6971.792017117165,0.05,19869.61,14167.74,5701.87
2645,2024-09-05,South,Consumer,Electronics,Smartphone,4,21114.253006053925,0.2,67565.61,43779.15,23786.46
2646,2024-11-27,Central,,Electronics,Smartphone,2,21604.376837452663,0.0,43208.75,24606.85,18601.9
2647,2024-04-18,Central,Consumer,Clothing,T-Shirt,2,2707.467572573779,0.15,4602.69,3664.66,938.03
2648,2024-02-15,Central,Consumer,Groceries,Cooking Oil 1L,4,537.7756561653787,0.05,2043.55,1327.47,716.08
2649,2024-04-30,North,Small Business,Clothing,Jeans,4,1389.5525946042183,0.0,5558.21,4281.32,1276.89
2650,2024-05-25,North,Consumer,Clothing,T-Shirt,5,2970.8533580250255,0.2,11883.41,9465.0,2418.41
2651,2024-02-18,Central,Corporate,Clothing,T-Shirt,4,2981.739579101719,0.1,10734.26,6792.53,3941.73
2652,2024-08-07,Central,Small Business,Furniture,Study Table,2,8305.053452707434,0.0,16610.11,12617.29,3992.82
2653,2024-06-16,North,Corporate,Electronics,Smartwatch,1,15580.244006231864,0.15,13243.21,7998.54,5244.67
2654,2024-01-20,North,Consumer,Clothing,Jeans,4,982.4286441342914,0.0,3929.71,2343.47,1586.24
2655,2024-09-17,North,Consumer,Electronics,Laptop,2,19461.952641160635,0.05,36977.71,27330.97,9646.74
2656,2024-04-05,North,Small Business,Clothing,T-Shirt,5,2993.585129831599,0.1,13471.13,9291.78,4179.35
2657,2024-07-15,West,Corporate,Clothing,Sneakers,1,2678.3892400734862,0.0,2678.39,2084.43,593.96
2658,2024-01-13,North,Consumer,Electronics,Tablet,4,15245.952233465581,0.05,57934.62,32143.55,25791.07
2659,2024-06-16,Central,Small Business,Electronics,Smartphone,5,8612.021679403453,0.0,43060.11,33648.7,9411.41
2660,2024-11-26,East,Consumer,Electronics,Smartwatch,3,32326.061664607925,0.0,96978.18,66944.75,30033.43
2661,2024-01-24,East,Consumer,Clothing,Jeans,2,1217.15025246989,0.0,2434.3,1800.75,633.55
2662,2024-03-20,South,Corporate,Electronics,Laptop,4,20739.80144072514,0.1,74663.29,45014.2,29649.09
2663,2024-10-19,South,Consumer,Furniture,Bookshelf,5,6582.231207170463,0.2,26328.92,14760.45,11568.47
2664,2024-01-02,South,Consumer,Furniture,Study Table,2,7257.157770721934,0.0,14514.32,10717.42,3796.9
2665,2024-02-23,North,Consumer,Furniture,Sofa,5,2690.5208429278064,0.05,12779.97,8975.3,3804.67
2666,2024-08-05,South,Consumer,Furniture,Bookshelf,2,14938.196843796784,0.05,28382.57,15625.84,12756.73
2667,2024-07-09,East,Consumer,Clothing,Jacket,4,1746.7776080394951,0.0,6987.11,4365.21,2621.9
2668,2024-07-24,West,Consumer,Electronics,Smartwatch,1,49357.661494474545,0.2,39486.13,23311.22,16174.91
2669,2024-12-09,West,Consumer,Electronics,Smartwatch,1,47317.85258967451,0.0,47317.85,35925.35,11392.5
2670,2024-06-15,West,Consumer,Groceries,Tea 250g,5,131.61194992480202,0.05,625.16,394.54,230.62
2671,2024-10-24,South,Small Business,Electronics,Headphones,5,20174.02527977218,0.0,100870.13,60977.7,39892.43
2672,2024-04-08,South,Consumer,Electronics,Tablet,3,28877.363710430604,0.0,86632.09,56049.07,30583.02
2673,2024-05-27,East,Corporate,Clothing,Sneakers,1,3858.444380223236,0.2,3086.76,2100.82,985.94
2674,2024-08-18,West,Consumer,Clothing,Sneakers,1,2187.998251396063,0.0,2188.0,1454.65,733.35
2675,2024-07-26,East,Corporate,Groceries,Snacks Pack,1,482.3595637670307,0.05,458.24,284.95,173.29
2676,2024-06-01,North,Small Business,Clothing,Jeans,4,868.2936588105433,0.0,3473.17,1962.17,1511.0
2677,2024-09-08,East,Consumer,Groceries,Tea 250g,5,402.70404124232505,0.05,1912.84,1448.38,464.46
2678,2024-07-29,West,Consumer,Electronics,Tablet,4,9013.166797138809,0.1,32447.4,24338.79,8108.61
2679,2024-01-03,West,Consumer,Electronics,Smartwatch,2,41802.734999000924,0.05,79425.2,47595.5,31829.7
2680,2024-12-21,West,Consumer,Furniture,Bookshelf,2,8899.360111480024,0.1,16018.85,12233.86,3784.99
2681,2024-01-17,North,Corporate,Clothing,Jacket,1,1724.8446732399377,0.2,1379.88,956.92,422.96
2682,2024-09-25,West,Consumer,Electronics,Tablet,4,13030.175357556604,0.0,52120.7,40258.22,11862.48
2683,2024-08-21,West,Consumer,Clothing,T-Shirt,1,511.25014288334097,0.1,460.13,364.23,95.9
2684,2024-05-08,North,Consumer,Groceries,Tea 250g,5,490.375296034528,0.05,2329.28,1771.98,557.3
2685,2024-06-07,West,Consumer,Electronics,Laptop,2,8797.470071019554,0.1,15835.45,9766.32,6069.13
2686,2024-04-19,East,Consumer,Electronics,Headphones,4,27401.871608160425,0.0,109607.49,77321.24,32286.25
2687,2024-01-16,North,Consumer,Groceries,Snacks Pack,4,258.2117676040251,0.0,1032.85,642.84,390.01
2688,2024-04-29,West,Small Business,Clothing,Jacket,4,1206.6413688947646,0.05,4585.24,2941.03,1644.21
2689,2024-03-03,West,Consumer,Clothing,Sneakers,3,2351.5084561356607,0.1,6349.07,4991.27,1357.8
2690,2024-04-05,North,Small Business,Clothing,Jacket,3,2781.299400177857,0.0,8343.9,5646.45,2697.45
2691,2024-08-10,West,Consumer,Furniture,Bookshelf,5,18979.79700226924,0.0,94898.99,72192.63,22706.36
2692,2024-05-13,East,Corporate,Furniture,Office Chair,5,6765.069332187439,0.0,33825.35,19100.52,14724.83
2693,2024-08-24,East,Consumer,Clothing,Jacket,5,795.729903877007,0.05,3779.72,2170.66,1609.06
2694,2024-04-30,South,Consumer,Clothing,T-Shirt,2,818.058331717488,0.1,1472.5,857.82,614.68
2695,2024-03-29,Central,Corporate,Groceries,Snacks Pack,2,234.45988452480054,0.1,422.03,337.61,84.42
2696,2024-03-15,South,Corporate,Clothing,Jacket,5,2040.3368355603268,0.1,9181.52,6917.91,2263.61
2697,2024-04-08,South,Consumer,Clothing,Jeans,1,2254.348957370652,0.0,2254.35,1551.72,702.63
2698,2024-06-10,East,Small Business,Clothing,T-Shirt,4,3423.3397016944486,0.0,13693.36,9789.03,3904.33
2699,2024-03-21,South,Consumer,Groceries,Tea 250g,2,269.1395685103247,0.0,538.28,315.84,222.44
2700,2024-04-08,East,Small Business,Groceries,Rice 5kg,2,181.83529168407125,0.05,345.49,196.19,149.3
2701,2024-03-25,South,Consumer,Groceries,Tea 250g,4,72.37974043312887,0.1,260.57,148.67,111.9
2702,2024-04-21,North,Consumer,Clothing,T-Shirt,1,3584.2034677545716,0.1,3225.78,2063.02,1162.76
2703,2024-06-10,North,Consumer,Electronics,Smartphone,3,16288.909187156702,0.0,48866.73,32918.87,15947.86
2704,2024-04-27,East,Corporate,Groceries,Rice 5kg,5,350.9203748267928,0.0,1754.6,991.36,763.24
2705,2024-11-07,East,Consumer,Clothing,T-Shirt,3,2111.533754699868,0.05,6017.87,4588.94,1428.93
2706,2024-02-20,South,Consumer,Clothing,Jeans,4,1908.5790999209837,0.0,7634.32,4738.73,2895.59
2707,2024-02-05,North,Consumer,Electronics,Headphones,5,57311.91095578321,0.15,243575.62,170310.31,73265.31
2708,2024-02-06,North,Consumer,Clothing,T-Shirt,5,3572.96197709753,0.15,15185.09,10880.21,4304.88
2709,2024-01-16,North,Consumer,Electronics,Headphones,3,29944.459739973532,0.0,89833.38,58682.91,31150.47
2710,2024-12-07,South,Consumer,Groceries,Rice 5kg,2,174.06913598509436,0.0,348.14,226.91,121.23
2711,2024-04-22,East,Corporate,Clothing,Jacket,4,1483.5526737763726,0.1,5340.79,4215.04,1125.75
2712,2024-11-05,North,Consumer,Groceries,Snacks Pack,1,595.6393527730812,0.2,476.51,322.05,154.46
2713,2024-03-11,North,Corporate,Groceries,Tea 250g,3,588.5494617867073,0.0,1765.65,1033.43,732.22
2714,2024-01-20,Central,Consumer,Groceries,Snacks Pack,4,386.8195521671834,0.15,1315.19,1049.44,265.75
2715,2024-01-26,North,Consumer,Electronics,Smartwatch,2,9977.910811780986,0.1,17960.24,11987.48,5972.76
2716,2024-11-09,Central,Small Business,Clothing,Jacket,4,2328.476299887103,0.0,9313.91,5891.91,3422.0
2717,2024-04-26,North,Consumer,Electronics,Laptop,4,13198.48617725155,0.05,50154.25,32396.1,17758.15
2718,2024-03-15,West,Consumer,Furniture,Study Table,5,16964.244001250507,0.2,67856.98,42116.37,25740.61
2719,2024-05-09,East,Corporate,Electronics,Smartphone,5,20522.102979314488,0.0,102610.51,57955.02,44655.49
2720,2024-05-22,South,Consumer,Electronics,Headphones,1,38925.01694977573,0.2,31140.01,18008.68,13131.33
2721,2024-07-22,Central,,Electronics,Smartwatch,2,9994.002868457479,0.05,18988.61,15037.9,3950.71
2722,2024-10-23,West,Corporate,Groceries,Snacks Pack,3,261.68694301549465,0.05,745.81,512.04,233.77
2723,2024-11-30,East,Corporate,Electronics,Laptop,4,35248.995357374886,0.0,140995.98,101882.99,39112.99
2724,2024-05-18,North,Consumer,Clothing,Jeans,2,3185.949319823189,0.05,6053.3,4272.39,1780.91
2725,2024-11-14,Central,Consumer,Furniture,Office Chair,5,9531.018690679019,0.1,42889.58,25078.31,17811.27
2726,2024-10-04,North,Corporate,Groceries,Tea 250g,5,335.07305196814116,0.15,1424.06,1037.59,386.47
2727,2024-04-07,North,Small Business,Clothing,T-Shirt,3,3979.9324800190398,0.05,11342.81,8032.62,3310.19
2728,2024-08-31,West,Consumer,Furniture,Bookshelf,3,13350.871135404323,0.2,32042.09,25073.14,6968.95
2729,2024-10-06,South,Consumer,Furniture,Sofa,1,2526.192740103779,0.1,2273.57,1625.96,647.61
2730,2024-07-09,Central,Small Business,Clothing,T-Shirt,3,2829.468692989657,0.05,8063.99,5315.27,2748.72
2731,2024-02-11,South,Corporate,Clothing,T-Shirt,4,3848.9242708825964,0.05,14625.91,9717.14,4908.77
2732,2024-02-22,South,Consumer,Clothing,T-Shirt,1,3403.979163126421,0.05,3233.78,2513.64,720.14
2733,2024-09-02,East,Consumer,Electronics,Laptop,2,54235.97518646507,0.2,86777.56,55813.21,30964.35
2734,2024-08-28,East,Small Business,Clothing,T-Shirt,5,487.173299914948,0.0,2435.87,1863.64,572.23
2735,2024-07-11,West,Small Business,Clothing,Jacket,2,1256.5720541970322,0.0,2513.14,1534.12,979.02
2736,2024-08-19,West,Small Business,Furniture,Office Chair,4,11470.239167259124,0.1,41292.86,32291.64,9001.22
2737,2024-08-20,Central,Consumer,Electronics,Tablet,4,12239.724318492032,0.0,48958.9,27837.0,21121.9
2738,2024-07-06,North,Small Business,Electronics,Smartphone,3,16886.976123747183,0.0,50660.93,36848.49,13812.44
2739,2024-07-15,North,Corporate,Furniture,Study Table,5,9381.546057090236,0.2,37526.18,28476.27,9049.91
2740,2024-03-21,North,Corporate,Electronics,Headphones,5,42777.58614250565,0.0,213887.93,139074.36,74813.57
2741,2024-10-14,West,Small Business,Electronics,Smartphone,2,57827.87392470186,0.0,115655.75,77349.87,38305.88
2742,2024-03-24,Central,Consumer,Clothing,Sneakers,1,2993.0158084230657,0.05,2843.37,1801.76,1041.61
2743,2024-01-03,East,Consumer,Clothing,Jacket,4,726.3336245747287,0.05,2760.07,1896.51,863.56
2744,2024-10-31,North,Corporate,Groceries,Rice 5kg,3,201.49913473556066,0.0,604.5,342.72,261.78
2745,2024-08-01,North,Consumer,Electronics,Tablet,5,46682.88000730706,0.2,186731.52,133537.63,53193.89
2746,2024-08-09,Central,Corporate,Electronics,Laptop,3,12462.18630562265,0.0,37386.56,24110.49,13276.07
2747,2024-12-04,North,Consumer,Electronics,Smartphone,3,55379.77924046665,0.15,141218.44,103635.87,37582.57
2748,2024-12-12,North,Small Business,Clothing,Jeans,3,2200.4570506028376,0.05,6271.3,4435.97,1835.33
2749,2024-08-17,North,Small Business,Electronics,Tablet,5,14168.009126369876,0.1,63756.04,41514.97,22241.07
2750,2024-07-05,North,Small Business,Groceries,Snacks Pack,5,521.1696505749296,0.05,2475.56,1978.03,497.53
2751,2024-04-26,South,Small Business,Clothing,Jeans,4,843.8951401169577,0.0,3375.58,2336.44,1039.14
2752,2024-06-14,East,Corporate,Clothing,Sneakers,5,1019.4297411760917,0.15,4332.58,2823.73,1508.85
2753,2024-10-23,North,,Clothing,Jeans,2,1308.9414071456195,0.0,2617.88,2062.49,555.39
2754,2024-01-31,North,Corporate,Furniture,Office Chair,3,19786.098782689296,0.0,59358.3,47061.53,12296.77
2755,2024-07-26,South,Consumer,Clothing,Jeans,1,3589.2234185244333,0.0,3589.22,2433.64,1155.58
2756,2024-11-28,East,Consumer,Electronics,Tablet,3,35548.80880705013,0.05,101314.11,80804.24,20509.87
2757,2024-11-03,South,Corporate,Clothing,Sneakers,5,2419.739410803062,0.0,12098.7,7293.28,4805.42
2758,2024-07-25,East,Consumer,Clothing,Sneakers,2,3410.3888959191527,0.0,6820.78,4269.75,2551.03
2759,2024-06-10,North,Small Business,Clothing,T-Shirt,1,3389.920056240747,0.05,3220.42,2497.79,722.63
2760,2024-03-24,South,Small Business,Electronics,Smartwatch,4,55575.842763734,0.0,222303.37,130912.42,91390.95
2761,2024-09-07,central,Consumer,Electronics,Laptop,3,29748.059626063674,0.1,80319.76,57194.2,23125.56
2762,2024-07-06,South,Consumer,Clothing,Jacket,5,762.9712097934328,0.2,3051.88,2031.47,1020.41
2763,2024-04-09,West,Corporate,Electronics,Laptop,2,8777.938542519152,0.0,17555.88,13382.46,4173.42
2764,2024-07-19,Central,Small Business,Electronics,Tablet,2,27442.50574328073,0.1,49396.51,28080.58,21315.93
2765,2024-01-19,West,Consumer,Clothing,Jacket,2,1657.8959681869483,0.05,3150.0,1916.65,1233.35
2766,2024-04-24,South,Small Business,Electronics,Tablet,3,57237.60225737274,0.15,145955.89,110264.2,35691.69
2767,2024-06-23,Central,Corporate,Electronics,Laptop,1,25732.397412942584,0.15,21872.54,13351.05,8521.49
2768,2024-05-11,North,Consumer,Electronics,Headphones,4,37949.676635752425,0.1,136618.84,87531.21,49087.63
2769,2024-09-01,North,Small Business,Electronics,Laptop,2,32009.378555430703,0.0,64018.76,35392.42,28626.34
2770,2024-10-18,North,Consumer,Clothing,Jacket,1,2002.1640795217286,0.0,2002.16,1150.58,851.58
2771,2024-01-10,West,Corporate,Electronics,Smartwatch,5,35005.54658194446,0.1,157524.96,95598.84,61926.12
2772,2024-07-18,East,Small Business,Clothing,Jeans,4,1282.724013512974,0.1,4617.81,2855.12,1762.69
2773,2024-10-21,South,Consumer,Electronics,Smartwatch,3,52282.4242743378,0.15,133320.18,76164.68,57155.5
2774,2024-09-18,West,Corporate,Clothing,Jacket,3,2731.5129920323316,0.05,7784.81,5182.32,2602.49
2775,2024-10-15,Central,Consumer,Groceries,Tea 250g,4,285.31420252107694,0.0,1141.26,876.39,264.87
2776,2024-06-07,East,Consumer,Clothing,Sneakers,4,3929.4083365350725,0.0,15717.63,9940.49,5777.14
2777,2024-02-26,North,Consumer,Clothing,Jeans,4,1008.1585425377657,0.0,4032.63,2596.78,1435.85
2778,2024-07-09,East,Consumer,Clothing,Jeans,1,3347.0137903311115,0.0,3347.01,2551.82,795.19
2779,2024-05-19,West,Consumer,Electronics,Headphones,4,23300.115638032843,0.05,88540.44,69651.53,18888.91
2780,2024-09-13,North,Consumer,Electronics,Laptop,1,16534.006479831838,0.0,16534.01,10830.23,5703.78
2781,2024-09-09,North,,Clothing,Sneakers,1,961.4704691858642,0.2,769.18,502.86,266.32
2782,2024-10-17,North,Consumer,Clothing,Sneakers,5,3264.191893036979,0.05,15504.91,12106.53,3398.38
2783,2024-04-11,South,Consumer,Clothing,Jeans,5,1208.1815398718709,0.1,5436.82,3243.41,2193.41
2784,2024-04-11,West,Small Business,Groceries,Tea 250g,4,137.88923208396412,0.0,551.56,426.51,125.05
2785,2024-10-27,West,Corporate,Clothing,Jeans,1,3523.1787784967023,0.15,2994.7,2068.79,925.91
2786,2024-04-05,North,Consumer,Furniture,Sofa,4,5792.855108474103,0.0,23171.42,14011.59,9159.83
2787,2024-01-18,East,Small Business,Groceries,Cooking Oil 1L,3,390.70195536173924,0.1,1054.9,580.62,474.28
2788,2024-08-02,South,Consumer,Furniture,Sofa,3,2178.3483979827615,0.0,6535.05,4147.78,2387.27
2789,2024-12-11,Central,Consumer,Clothing,Jeans,4,3767.642160181514,0.0,15070.57,10426.94,4643.63
2790,2024-03-19,North,Corporate,Groceries,Tea 250g,2,502.25174033788784,0.1,904.05,686.27,217.78
2791,2024-12-01,North,Corporate,Furniture,Study Table,1,6559.472288271675,0.0,6559.47,5076.63,1482.84
2792,2024-05-19,North,Corporate,Electronics,Tablet,4,46145.97127526555,0.15,156896.3,116068.52,40827.78
2793,2024-09-15,South,Corporate,Clothing,T-Shirt,1,3933.141089728347,0.2,3146.51,2147.28,999.23
2794,2024-08-07,North,Small Business,Groceries,Snacks Pack,1,340.1439102310904,0.0,340.14,219.77,120.37
2795,2024-08-17,Central,Consumer,Groceries,Snacks Pack,1,56.298932253399826,0.0,56.3,40.58,15.72
2796,2024-04-21,West,Consumer,Clothing,Jeans,2,2968.269029359309,0.1,5342.88,3526.41,1816.47
2797,2024-04-21,West,Corporate,Clothing,Jeans,4,3714.7478481665353,0.0,14858.99,11729.0,3129.99
2798,2024-03-27,West,Consumer,Clothing,T-Shirt,2,637.7585560413443,0.0,1275.52,866.39,409.13
2799,2024-06-13,East,Small Business,Electronics,Laptop,4,30656.273324897717,0.05,116493.84,74380.24,42113.6
2800,2024-09-20,South,Small Business,Electronics,Smartphone,2,35152.314545446956,0.05,66789.4,45856.31,20933.09
2801,2024-10-30,West,Corporate,Electronics,Smartphone,1,39090.462726841564,0.0,39090.46,30409.01,8681.45
2802,2024-06-25,West,Consumer,Electronics,Smartphone,2,33066.28724349919,0.0,66132.57,47456.85,18675.72
2803,2024-06-02,South,Consumer,Electronics,Smartphone,4,19060.57315071074,0.1,68618.06,50021.5,18596.56
2804,2024-11-15,South,Consumer,Clothing,Jacket,4,1139.2302910419,0.05,4329.08,3398.76,930.32
2805,2024-04-17,East,Corporate,Clothing,Jacket,1,2999.481673178338,0.0,2999.48,2263.48,736.0
2806,2024-09-20,Central,Corporate,Groceries,Tea 250g,3,552.5444291167695,0.0,1657.63,938.54,719.09
2807,2024-09-14,North,Corporate,Clothing,Sneakers,2,1393.4499727121788,0.0,2786.9,2120.7,666.2
2808,2024-07-12,East,Consumer,Electronics,Headphones,3,10352.013016238663,0.05,29503.24,18524.57,10978.67
2809,2024-09-08,Central,Corporate,Groceries,Snacks Pack,3,457.97679375471284,0.0,1373.93,783.72,590.21
2810,2024-05-07,Central,Consumer,Electronics,Headphones,2,35681.738787129914,0.0,71363.48,40930.98,30432.5
2811,2024-07-20,South,Consumer,Clothing,Jacket,3,2920.3110852313466,0.0,8760.93,4983.33,3777.6
2812,2024-12-28,North,Consumer,Clothing,T-Shirt,4,1307.7493314117369,0.1,4707.9,2981.06,1726.84
2813,2024-06-20,East,Corporate,Groceries,Tea 250g,3,589.0236130485092,0.0,1767.07,1348.38,418.69
2814,2024-12-03,Central,Consumer,Electronics,Smartphone,3,39053.14717629468,0.05,111301.47,85958.91,25342.56
2815,2024-12-11,North,Small Business,Clothing,Sneakers,5,2719.7099440596435,0.1,12238.69,7342.14,4896.55
2816,2024-08-22,South,Corporate,Groceries,Rice 5kg,5,82.79223044912166,0.1,372.57,278.13,94.44
2817,2024-11-25,South,Small Business,Electronics,Smartphone,3,47413.7493822472,0.1,128017.12,96670.31,31346.81
2818,2024-06-30,South,Consumer,Electronics,Headphones,3,33597.424520831744,0.15,85673.43,52892.08,32781.35
2819,2024-08-18,East,Consumer,Furniture,Study Table,4,20754.478659536486,0.1,74716.12,45609.21,29106.91
2820,2024-10-11,Central,Consumer,Clothing,Sneakers,5,2266.262674704194,0.0,11331.31,6290.69,5040.62
2821,2024-04-04,South,Corporate,Electronics,Laptop,5,1740.6199529621954,0.05,8267.94,6011.57,2256.37
2822,2024-10-08,East,,Groceries,Snacks Pack,5,52.37183234410821,0.0,261.86,190.36,71.5
2823,2024-01-29,Central,Consumer,Groceries,Rice 5kg,1,181.86327896794262,0.1,163.68,122.41,41.27
2824,2024-04-05,South,Small Business,Groceries,Rice 5kg,3,540.640354454129,0.0,1621.92,1210.49,411.43
2825,2024-03-23,Central,Consumer,Groceries,Rice 5kg,2,238.14040121514083,0.0,476.28,365.39,110.89
2826,2024-11-20,Central,Consumer,Clothing,T-Shirt,3,3984.8112118053114,0.05,11356.71,7201.02,4155.69
2827,2024-09-06,East,Corporate,Groceries,Rice 5kg,2,493.0855536547848,0.05,936.86,737.6,199.26
2828,2024-01-04,West,Consumer,Clothing,T-Shirt,4,3480.291847101923,0.05,13225.11,7708.7,5516.41
2829,2024-03-31,South,Consumer,Clothing,Sneakers,1,821.752600274582,0.05,780.66,429.38,351.28
2830,2024-03-08,South,Consumer,Groceries,Tea 250g,3,191.8044361496718,0.0,575.41,328.13,247.28
2831,2024-10-09,North,Consumer,Furniture,Sofa,5,9882.888206949663,0.0,49414.44,36623.83,12790.61
2832,2024-12-02,West,Consumer,Electronics,Smartphone,4,54320.40086820421,0.0,217281.6,124690.7,92590.9
2833,2024-03-10,South,Small Business,Clothing,Sneakers,3,3995.3886594154333,0.05,11386.86,8200.29,3186.57
2834,2024-06-26,North,Corporate,Groceries,Cooking Oil 1L,3,371.3528572967161,0.05,1058.36,609.47,448.89
2835,2024-08-13,West,Consumer,Clothing,Sneakers,3,2784.4551044012233,0.1,7518.03,4477.86,3040.17
2836,2024-10-16,West,Consumer,Furniture,Bookshelf,1,15579.19461707374,0.1,14021.28,10015.21,4006.07
2837,2024-11-06,Central,Corporate,Groceries,Tea 250g,1,350.803320987225,0.0,350.8,235.58,115.22
2838,2024-07-31,Central,Consumer,Electronics,Tablet,2,49489.0824281939,0.2,79182.53,51176.32,28006.21
2839,2024-03-11,South,Consumer,Electronics,Headphones,5,30775.139586376965,0.1,138488.13,108487.94,30000.19
2840,2024-01-28,East,Corporate,Clothing,T-Shirt,1,2874.993112111043,0.0,2874.99,2189.44,685.55
2841,2024-01-10,West,Corporate,Electronics,Smartphone,1,46861.908269157066,0.1,42175.72,24109.32,18066.4
2842,2024-10-30,North,Corporate,Electronics,Smartwatch,4,44202.928013096556,0.1,159130.54,122623.66,36506.88
2843,2024-02-09,South,Consumer,Clothing,Jeans,5,1294.599343433964,0.1,5825.7,3841.78,1983.92
2844,2024-10-02,East,Consumer,Clothing,Jeans,1,431.8913529332985,0.1,388.7,237.86,150.84
2845,2024-03-19,North,Small Business,Groceries,Snacks Pack,1,394.59082449652914,0.0,394.59,224.22,170.37
2846,2024-06-06,Central,Consumer,Clothing,Jeans,4,3524.776321698023,0.15,11984.24,8928.0,3056.24
2847,2024-04-09,North,Small Business,Groceries,Snacks Pack,2,449.6171139229116,0.0,899.23,672.79,226.44
2848,2024-01-17,South,Consumer,Clothing,Jacket,5,3669.7538666558626,0.0,18348.77,12511.81,5836.96
2849,2024-01-18,Central,Consumer,Clothing,Sneakers,5,3973.2230511956345,0.05,18872.81,12494.02,6378.79
2850,2024-09-24,Central,Corporate,Electronics,Smartwatch,3,35674.18977463087,0.0,107022.57,74777.44,32245.13
2851,2024-05-22,West,Consumer,Furniture,Study Table,3,4899.650822245947,0.05,13964.0,8919.16,5044.84
2852,2024-10-08,South,Consumer,Electronics,Smartphone,1,23349.087215207757,0.0,23349.09,16050.42,7298.67
2853,2024-04-03,South,Consumer,Clothing,T-Shirt,2,1755.9873004092367,0.0,3511.97,2505.54,1006.43
2854,2024-03-14,West,Consumer,Electronics,Smartphone,3,21974.375929554397,0.0,65923.13,50458.05,15465.08
2855,2024-03-11,Central,Consumer,Clothing,T-Shirt,2,2959.7900855015896,0.2,4735.66,3510.38,1225.28
2856,2024-10-06,East,Consumer,Groceries,Tea 250g,4,550.135665584944,0.2,1760.43,1062.2,698.23
2857,2024-11-14,West,Corporate,Groceries,Rice 5kg,4,475.90011356342126,0.05,1808.42,1370.63,437.79
2858,2024-10-10,South,Small Business,Groceries,Snacks Pack,3,306.782518323351,0.05,874.33,484.88,389.45
2859,2024-01-19,West,,Electronics,Laptop,1,49973.707685832844,0.1,44976.34,25117.27,19859.07
2860,2024-11-11,South,Corporate,Furniture,Bookshelf,2,18014.950614979225,0.05,34228.41,23058.78,11169.63
2861,2024-01-10,Central,Consumer,Clothing,Jeans,5,3150.7788660577808,0.15,13390.81,8087.37,5303.44
2862,2024-05-02,South,Consumer,Groceries,Snacks Pack,4,482.3474260508974,0.15,1639.98,1011.32,628.66
2863,2024-06-12,Central,Consumer,Groceries,Cooking Oil 1L,1,478.64453638957417,0.05,454.71,334.58,120.13
2864,2024-11-13,East,Corporate,Electronics,Tablet,1,50983.36208320372,0.0,50983.36,32358.84,18624.52
2865,2024-12-18,West,Consumer,Electronics,Headphones,2,41540.389604495496,0.0,83080.78,48903.18,34177.6
2866,2024-05-21,Central,Consumer,Electronics,Tablet,1,19075.956850384977,0.15,16214.56,10814.78,5399.78
2867,2024-06-05,Central,Consumer,Electronics,Laptop,1,43373.381741851656,0.05,41204.71,29395.81,11808.9
2868,2024-07-07,West,Small Business,Clothing,Jacket,2,1696.5483932383174,0.1,3053.79,2208.34,845.45
2869,2024-08-10,West,Small Business,Clothing,Jeans,4,1865.3069075633457,0.0,7461.23,5081.14,2380.09
2870,2024-11-25,Central,Small Business,Electronics,Smartwatch,4,38215.68735894683,0.0,152862.75,107951.52,44911.23
2871,2024-02-17,North,Consumer,Clothing,Jacket,1,683.6357053601139,0.0,683.64,530.53,153.11
2872,2024-02-10,North,Consumer,Electronics,Laptop,5,33180.91722430183,0.1,149314.13,95992.16,53321.97
2873,2024-11-13,West,Consumer,Furniture,Sofa,1,12870.982164681636,0.0,12870.98,10120.43,2750.55
2874,2024-08-11,North,Corporate,Clothing,T-Shirt,4,757.4708739729481,0.0,3029.88,2313.71,716.17
2875,2024-04-02,South,Corporate,Clothing,Jeans,2,3562.8157165520975,0.0,7125.63,4791.36,2334.27
2876,2024-12-29,East,Consumer,Groceries,Snacks Pack,2,434.20856382438586,0.0,868.42,507.24,361.18
2877,2024-12-14,North,Small Business,Electronics,Smartwatch,3,43878.668582622886,0.0,131636.01,96792.41,34843.6
2878,2024-11-06,Central,Consumer,Electronics,Smartphone,3,46901.84588686397,0.0,140705.54,86646.78,54058.76
2879,2024-05-03,North,Consumer,Clothing,Jeans,1,3584.9234905409407,0.15,3047.18,2122.39,924.79
2880,2024-06-09,East,Consumer,Groceries,Rice 5kg,2,508.1811282045913,0.2,813.09,538.66,274.43
2881,2024-11-16,North,Consumer,Electronics,Smartphone,1,48494.285930888655,0.05,46069.57,28825.84,17243.73
2882,2024-02-03,West,Consumer,Groceries,Tea 250g,3,69.10578045526869,0.1,186.59,120.34,66.25
2883,2024-07-12,East,Consumer,Clothing,Jeans,3,2876.7384544271827,0.05,8198.7,5678.07,2520.63
2884,2024-07-06,South,Small Business,Electronics,Headphones,3,11311.658192911778,0.0,33934.97,25599.21,8335.76
2885,2024-11-20,South,Corporate,Groceries,Snacks Pack,1,421.54653918981245,0.05,400.47,299.52,100.95
2886,2024-08-11,North,Small Business,Groceries,Tea 250g,5,222.1318349852653,0.15,944.06,561.14,382.92
2887,2024-07-11,Central,Consumer,Clothing,Sneakers,5,1130.4844389527175,0.2,4521.94,3514.83,1007.11
2888,2024-04-19,North,Corporate,Furniture,Bookshelf,1,7193.88475948955,0.0,7193.88,5659.02,1534.86
2889,2024-04-10,North,Corporate,Electronics,Headphones,4,43893.00602552961,0.0,175572.02,108020.04,67551.98
2890,2024-04-11,West,Consumer,Electronics,Tablet,4,30937.31567694016,0.05,117561.8,72099.16,45462.64
2891,2024-03-02,South,Consumer,Electronics,Smartphone,4,26021.945256725805,0.0,104087.78,72013.24,32074.54
2892,2024-09-12,West,Corporate,Clothing,Jacket,5,1948.308187778002,0.05,9254.46,6722.22,2532.24
2893,2024-09-19,East,Consumer,Furniture,Office Chair,3,11625.7203255386,0.0,34877.16,22195.46,12681.7
2894,2024-07-27,West,Small Business,Clothing,T-Shirt,4,3212.5979754441355,0.05,12207.87,7953.4,4254.47
2895,2024-08-31,Central,Consumer,Electronics,Laptop,4,20679.49887485778,0.0,82718.0,58997.26,23720.74
2896,2024-05-28,East,Corporate,Furniture,Office Chair,4,12600.845170683942,0.15,42842.87,33325.18,9517.69
2897,2024-12-15,West,Small Business,Electronics,Smartwatch,1,6884.837825074765,0.2,5507.87,3636.54,1871.33
2898,2024-02-06,Central,Consumer,Groceries,Tea 250g,5,263.1671386647306,0.2,1052.67,581.55,471.12
2899,2024-10-07,South,Corporate,Clothing,Jacket,4,3335.3603304979856,0.15,11340.23,8038.03,3302.2
2900,2024-08-05,South,Small Business,Electronics,Laptop,2,54904.86342814405,0.1,98828.75,63208.97,35619.78
2901,2024-05-15,Central,Consumer,Electronics,Headphones,5,29044.31266474182,0.2,116177.25,81114.95,35062.3
2902,2024-08-31,West,Consumer,Electronics,Headphones,5,18043.641051437367,0.0,90218.21,69933.89,20284.32
2903,2024-06-30,South,Corporate,Groceries,Rice 5kg,1,224.1332591104396,0.05,212.93,142.1,70.83
2904,2024-08-15,West,Corporate,Electronics,Smartwatch,5,52981.28866202385,0.0,264906.44,149702.09,115204.35
2905,2024-11-08,Central,Consumer,Electronics,Smartphone,5,11950.556449256394,0.2,47802.23,32690.84,15111.39
2906,2024-03-01,South,Small Business,Groceries,Snacks Pack,2,333.0989071041268,0.2,532.96,311.92,221.04
2907,2024-01-30,West,Corporate,Clothing,Jeans,4,924.9985398430345,0.0,3699.99,2947.71,752.28
2908,2024-02-15,South,Corporate,Electronics,Laptop,5,29468.81330284728,0.05,139976.86,97626.92,42349.94
2909,2024-05-20,East,Small Business,Electronics,Laptop,4,3508.150087569142,0.15,11927.71,6616.83,5310.88
2910,2024-07-02,East,Consumer,Clothing,T-Shirt,5,811.5910557859652,0.2,3246.36,2339.89,906.47
2911,2024-09-25,Central,Consumer,Electronics,Laptop,3,57391.247664927694,0.0,172173.74,99424.4,72749.34
2912,2024-07-10,East,Consumer,Furniture,Study Table,3,6554.2003643415055,0.2,15730.08,9325.41,6404.67
2913,2024-10-17,East,Consumer,Groceries,Rice 5kg,4,297.90354829132775,0.15,1012.87,678.24,334.63
2914,2024-06-25,West,Consumer,Clothing,Jacket,1,3812.7503889983036,0.1,3431.48,2019.61,1411.87
2915,2024-01-09,East,Corporate,Clothing,Jacket,2,2661.6997874111116,0.05,5057.23,3473.47,1583.76
2916,2024-09-09,West,Small Business,Clothing,Jeans,3,425.0954228420299,0.2,1020.23,721.36,298.87
2917,2024-04-11,Central,Consumer,Electronics,Tablet,5,31393.741258628714,0.15,133423.4,102499.61,30923.79
2918,2024-07-24,South,Small Business,Furniture,Bookshelf,3,14166.365320751156,0.1,38249.19,25497.22,12751.97
2919,2024-01-20,North,Consumer,Groceries,Cooking Oil 1L,1,550.9355887827178,0.1,495.84,392.98,102.86
2920,2024-01-16,West,Consumer,Clothing,T-Shirt,2,3248.225918400736,0.2,5197.16,3184.21,2012.95
2921,2024-03-11,North,Corporate,Electronics,Headphones,4,19361.829670952295,0.1,69702.59,43820.19,25882.4
2922,2024-10-14,East,Small Business,Furniture,Study Table,2,21650.936839968275,0.0,43301.87,30986.37,12315.5
2923,2024-08-04,North,Consumer,Groceries,Tea 250g,2,88.38045824822316,0.0,176.76,138.48,38.28
2924,2024-06-07,East,Consumer,Clothing,T-Shirt,1,2304.5627395878264,0.0,2304.56,1729.76,574.8
2925,2024-04-25,South,Small Business,Furniture,Bookshelf,1,22958.650581536724,0.0,22958.65,16231.02,6727.63
2926,2024-03-12,South,Corporate,Electronics,Smartwatch,4,53789.12675904036,0.0,215156.51,118655.65,96500.86
2927,2024-02-28,West,Consumer,Electronics,Laptop,5,56267.420933075315,0.1,253203.39,183188.0,70015.39
2928,2024-10-30,East,Corporate,Clothing,T-Shirt,4,1902.0711951859591,0.0,7608.28,5740.85,1867.43
2929,2024-04-07,East,Consumer,Groceries,Tea 250g,1,583.3144517299033,0.05,554.15,395.38,158.77
2930,2024-07-09,West,Consumer,Groceries,Snacks Pack,5,331.1365723310531,0.0,1655.68,1181.13,474.55
2931,2024-04-30,West,Small Business,Groceries,Cooking Oil 1L,5,374.5040718169357,0.0,1872.52,1295.59,576.93
2932,2024-03-18,Central,Corporate,Furniture,Study Table,3,12601.5257323098,0.05,35914.35,27499.0,8415.35
2933,2024-05-28,North,Small Business,Clothing,Jeans,4,1605.7724112805975,0.1,5780.78,4451.36,1329.42
2934,2024-03-08,Central,Small Business,Groceries,Tea 250g,1,55.479204354427914,0.0,55.48,38.87,16.61
2935,2024-11-10,Central,Consumer,Groceries,Rice 5kg,4,473.4078418029767,0.15,1609.59,1094.29,515.3
2936,2024-12-23,East,Consumer,Furniture,Study Table,2,11860.753673122754,0.1,21349.36,13624.88,7724.48
2937,2024-07-06,North,Consumer,Clothing,Jeans,3,1810.3661172349532,0.0,5431.1,3939.43,1491.67
2938,2024-12-14,West,Consumer,Clothing,Jeans,3,1071.681164755425,0.2,2572.03,1414.87,1157.16
2939,2024-01-10,East,Consumer,Electronics,Laptop,5,33229.232066028926,0.15,141224.24,95470.37,45753.87
2940,2024-02-15,North,Consumer,Groceries,Tea 250g,2,264.7680490824522,0.1,476.58,323.82,152.76
2941,2024-04-27,North,Consumer,Clothing,Sneakers,2,3022.303320665476,0.1,5440.15,3554.68,1885.47
2942,2024-10-12,Central,Corporate,Clothing,Sneakers,3,3511.9456432628713,0.05,10009.05,5792.29,4216.76
2943,2024-01-23,West,Consumer,Groceries,Rice 5kg,3,414.9331085363344,0.0,1244.8,851.29,393.51
2944,2024-05-06,Central,Consumer,Groceries,Cooking Oil 1L,3,282.3364262682634,0.2,677.61,491.05,186.56
2945,2024-03-21,East,Corporate,Furniture,Bookshelf,1,14755.842406910966,0.0,14755.84,9139.46,5616.38
2946,2024-09-15,South,Consumer,Electronics,Headphones,1,24258.974539149516,0.0,24258.97,14029.82,10229.15
2947,2024-07-06,West,Consumer,Electronics,Headphones,5,6709.811588125246,0.0,33549.06,21944.57,11604.49
2948,2024-06-23,West,Consumer,Electronics,Laptop,3,41030.40684044227,0.0,123091.22,86711.87,36379.35
2949,2024-10-21,Central,Consumer,Electronics,Tablet,1,54167.70810405238,0.0,54167.71,39206.01,14961.7
2950,2024-12-07,East,Consumer,Groceries,Snacks Pack,1,287.66778319337527,0.0,287.67,187.46,100.21
2951,2024-02-29,Central,Small Business,Electronics,Tablet,2,28103.275733146736,0.05,53396.22,34926.59,18469.63
2952,2024-01-09,South,Corporate,Clothing,Jeans,3,604.6311603419865,0.0,1813.89,1296.2,517.69
2953,2024-05-28,North,Consumer,Furniture,Study Table,4,2011.0892310043876,0.1,7239.92,4690.65,2549.27
2954,2024-07-08,Central,Consumer,Furniture,Bookshelf,3,11846.127220829814,0.0,35538.38,26834.84,8703.54
2955,2024-03-28,South,Small Business,Electronics,Headphones,5,25619.525771688455,0.0,128097.63,97391.01,30706.62
2956,2024-12-07,Central,Consumer,Groceries,Rice 5kg,4,371.2769621413005,0.1,1336.6,764.36,572.24
2957,2024-11-07,South,Corporate,Groceries,Tea 250g,4,238.64461353094674,0.1,859.12,529.74,329.38
2958,2024-03-02,East,Corporate,Furniture,Sofa,1,6611.43262575656,0.2,5289.15,3449.38,1839.77
2959,2024-08-09,Central,Consumer,Furniture,Bookshelf,3,17373.69151933043,0.0,52121.07,38190.62,13930.45
2960,2024-01-09,Central,Consumer,Groceries,Cooking Oil 1L,4,127.48763523824886,0.1,458.96,297.99,160.97
2961,2024-10-03,North,Small Business,Electronics,Smartwatch,3,50109.00283337032,0.0,150327.01,106016.92,44310.09
2962,2024-01-19,North,Consumer,Electronics,Smartphone,2,33618.96757810232,0.0,67237.94,46124.42,21113.52
2963,2024-08-27,Central,Corporate,Electronics,Laptop,1,45114.794374630554,0.1,40603.31,31473.14,9130.17
2964,2024-07-17,South,,Clothing,Jeans,5,1048.8699919180744,0.1,4719.91,3754.53,965.38
2965,2024-11-11,West,Consumer,Furniture,Bookshelf,1,22752.127784740154,0.0,22752.13,12651.18,10100.95
2966,2024-10-09,West,Consumer,Furniture,Bookshelf,1,10446.411779601523,0.0,10446.41,7211.72,3234.69
2967,2024-08-27,East,Small Business,Electronics,Tablet,5,11692.054972426533,0.0,58460.27,34682.15,23778.12
2968,2024-05-13,South,Consumer,Electronics,Laptop,3,20374.383939614178,0.05,58066.99,38479.09,19587.9
2969,2024-02-07,Central,Consumer,Groceries,Cooking Oil 1L,4,417.49336789350036,0.15,1419.48,921.63,497.85
2970,2024-07-20,West,Small Business,Clothing,T-Shirt,2,2550.1062289648194,0.0,5100.21,3111.29,1988.92
2971,2024-01-28,West,Consumer,Clothing,Sneakers,1,3687.3540583688045,0.05,3502.99,2782.54,720.45
2972,2024-02-06,South,Consumer,Electronics,Laptop,5,41483.52190905677,0.0,207417.61,156722.97,50694.64
2973,2024-02-05,Central,Consumer,Electronics,Tablet,3,44913.51455481878,0.1,121266.49,87647.09,33619.4
2974,2024-09-14,East,Small Business,Clothing,Sneakers,4,3891.022037535964,0.0,15564.09,11402.33,4161.76
2975,2024-05-06,South,Consumer,Electronics,Headphones,2,38733.22206090798,0.0,77466.44,54945.33,22521.11
2976,2024-03-23,South,Consumer,Clothing,Jeans,2,1547.8057228115854,0.0,3095.61,1938.51,1157.1
2977,2024-06-22,South,Small Business,Electronics,Tablet,3,17048.976699097097,0.2,40917.54,25961.16,14956.38
2978,2024-01-31,South,Small Business,Furniture,Office Chair,5,9277.259399522092,0.0,46386.3,26736.98,19649.32
2979,2024-02-21,East,Consumer,Furniture,Sofa,1,7201.3760142624305,0.1,6481.24,3955.83,2525.41
2980,2024-01-02,Central,Consumer,Groceries,Snacks Pack,5,142.87813668174888,0.2,571.51,318.35,253.16
2981,2024-06-11,North,Consumer,Clothing,Jeans,5,1512.3485267798255,0.0,7561.74,4272.28,3289.46
2982,2024-04-04,South,Small Business,Clothing,Jeans,4,2917.126945285399,0.0,11668.51,8232.14,3436.37
2983,2024-07-27,South,Small Business,Electronics,Smartwatch,3,25256.752987652177,0.0,75770.26,45145.71,30624.55
2984,2024-06-18,West,Corporate,Electronics,Laptop,5,49114.652156147764,0.15,208737.27,134569.49,74167.78
2985,2024-12-06,North,,Groceries,Snacks Pack,2,74.07079524200694,0.1,133.33,98.12,35.21
2986,2024-04-16,Central,Consumer,Groceries,Rice 5kg,1,342.88076095068453,0.1,308.59,184.29,124.3
2987,2024-05-18,Central,Consumer,Groceries,Rice 5kg,2,103.14177245373648,0.0,206.28,164.42,41.86
2988,2024-02-27,East,Small Business,Groceries,Tea 250g,5,273.1061666065799,0.1,1228.98,767.17,461.81
2989,2024-07-14,Central,Consumer,Electronics,Smartphone,5,13433.63968059451,0.1,60451.38,34107.45,26343.93
2990,2024-02-28,South,Consumer,Groceries,Cooking Oil 1L,4,121.14743535769719,0.0,484.59,382.94,101.65
2991,2024-09-17,Central,Small Business,Electronics,Smartwatch,3,49593.79970713551,0.0,148781.4,88223.2,60558.2
2992,2024-06-06,North,Corporate,Groceries,Cooking Oil 1L,1,345.1099322820729,0.0,345.11,200.31,144.8
2993,2024-07-30,West,Corporate,Clothing,Jeans,3,1439.3345756791227,0.0,4318.0,3017.89,1300.11
2994,2024-01-06,West,Small Business,Electronics,Headphones,2,14093.390115523318,0.0,28186.78,15660.14,12526.64
2995,2024-10-08,West,Corporate,Clothing,Jeans,4,1427.3596527437126,0.15,4853.02,3445.78,1407.24
2996,2024-07-28,East,Corporate,Clothing,Sneakers,2,2117.9183816861987,0.15,3600.46,2800.16,800.3
2997,2024-07-22,Central,Small Business,Furniture,Bookshelf,5,8698.523303411534,0.1,39143.35,29976.62,9166.73
2998,2024-03-31,West,Consumer,Electronics,Smartwatch,4,3177.383271231365,0.05,12074.06,9456.2,2617.86
2999,2024-11-05,West,Corporate,Clothing,Sneakers,5,616.6599543026286,0.05,2929.13,1884.97,1044.16
3000,2024-12-26,South,Corporate,Furniture,Office Chair,4,7253.901560171747,0.1,26114.05,17389.6,8724.45
1958,2024-12-23,West,Consumer,Electronics,Smartphone,1,59903.729552408746,0.15,50918.17,28873.23,22044.94
2088,2024-01-10,North,Consumer,Clothing,Jacket,4,1672.1016575473263,0.2,5350.73,3860.21,1490.52
1395,2024-01-08,East,Small Business,Clothing,Sneakers,5,2479.568785837625,0.15,10538.17,6891.79,3646.38
1521,2024-08-20,West,Consumer,Electronics,Smartphone,3,42297.1723517991,0.0,126891.52,80887.28,46004.24
1099,2024-08-27,West,Small Business,Groceries,Rice 5kg,1,423.5586004437538,0.1,381.2,224.73,156.47
394,2024-05-02,West,Consumer,Electronics,Laptop,5,41185.92530192627,0.0,205929.63,121058.08,84871.55
29,2024-01-01,North,Consumer,Clothing,T-Shirt,5,737.9438442926503,0.0,3689.72,2910.14,779.58
100,2024-08-30,Central,Corporate,Electronics,Smartwatch,1,31492.27789446575,0.2,25193.82,19060.42,6133.4
352,2024-10-31,Central,,Groceries,Cooking Oil 1L,3,221.49117532567274,0.1,598.03,474.11,123.92
2021,2024-01-19,South,Corporate,Furniture,Sofa,4,11870.507604693646,0.0,47482.03,36690.14,10791.89
1353,2024-01-28,North,Corporate,Clothing,Jeans,3,3771.33969286147,0.2,9051.22,6968.45,2082.77
1145,2024-10-23,East,Consumer,Groceries,Rice 5kg,2,487.50020084214503,0.0,975.0,552.04,422.96
2856,2024-10-06,East,Consumer,Groceries,Tea 250g,4,550.135665584944,0.2,1760.43,1062.2,698.23
1226,2024-12-27,South,Consumer,Groceries,Rice 5kg,4,529.8505971882195,0.0,2119.4,1497.84,621.56
298,2024-08-26,South,Consumer,Clothing,T-Shirt,2,821.9340604488403,0.05,1561.67,903.54,658.13
